/*
SQLyog Enterprise - MySQL GUI v7.02 
MySQL - 5.6.24 : Database - dah
*********************************************************************
*/

/*!40101 SET NAMES utf8 */;

/*!40101 SET SQL_MODE=''*/;

/*!40014 SET @OLD_FOREIGN_KEY_CHECKS=@@FOREIGN_KEY_CHECKS, FOREIGN_KEY_CHECKS=0 */;
/*!40101 SET @OLD_SQL_MODE=@@SQL_MODE, SQL_MODE='NO_AUTO_VALUE_ON_ZERO' */;

CREATE DATABASE /*!32312 IF NOT EXISTS*/`dah` /*!40100 DEFAULT CHARACTER SET utf8 */;

/*Table structure for table `dah_activity_log` */

DROP TABLE IF EXISTS `dah_activity_log`;

CREATE TABLE `dah_activity_log` (
  `logid` int(11) NOT NULL AUTO_INCREMENT,
  `adminid` bigint(11) unsigned NOT NULL,
  `message` text,
  `logged_on` int(11) DEFAULT NULL,
  PRIMARY KEY (`logid`,`adminid`),
  KEY `adminid` (`adminid`),
  CONSTRAINT `dah_activity_log_ibfk_1` FOREIGN KEY (`adminid`) REFERENCES `dah_admin` (`adminid`) ON DELETE CASCADE
) ENGINE=InnoDB AUTO_INCREMENT=511 DEFAULT CHARSET=utf8;

/*Data for the table `dah_activity_log` */

insert  into `dah_activity_log`(`logid`,`adminid`,`message`,`logged_on`) values (1,9,'has changed the settings.',1461241889),(2,9,'has changed the settings.',1461242113),(3,9,'added department <a href=\"/dah/web/app_dev.php/dah-admin/secure/departments\">تكنولوجيا المعلومات</a>',1461242281),(4,9,'added department <a href=\"/dah/web/app_dev.php/dah-admin/secure/departments\">علوم الحياة</a>',1461242336),(5,9,'added department <a href=\"/dah/web/app_dev.php/dah-admin/secure/departments\">الأدب</a>',1461242363),(6,9,'added department <a href=\"/dah/web/app_dev.php/dah-admin/secure/departments\">العلوم الإنسانية</a>',1461242409),(7,9,'added department <a href=\"/dah/web/app_dev.php/dah-admin/secure/departments\">تجارة</a>',1461242440),(8,9,'has changed the settings.',1461242532),(9,8,'Logged Out from <strong>::1</strong>.',1461246799),(10,8,'Logged in from <strong>::1</strong> .',1461246856),(11,8,'Logged in from <strong>::1</strong> .',1461252097),(12,8,'Logged Out from <strong>::1</strong>.',1461252114),(13,8,'Logged in from <strong>192.168.36.76</strong> .',1461253836),(14,8,'Logged Out from <strong>192.168.36.76</strong>.',1461254584),(15,8,'Logged in from <strong>192.168.36.76</strong> .',1461254816),(16,8,'Logged Out from <strong>192.168.36.76</strong>.',1461254828),(17,8,'Logged in from <strong>192.168.36.76</strong> .',1461256792),(18,9,'Logged in from <strong>192.168.36.96</strong> .',1461301960),(19,9,'Logged in from <strong>192.168.36.96</strong> .',1461302112),(20,9,'Logged in from <strong>192.168.36.96</strong> .',1461302210),(21,8,'Logged in from <strong>::1</strong> .',1461316019),(22,7,'updated page <a href=\"/dah/web/app_dev.php/dah-admin/secure/faqs/edit/3\">? What do we do</a>',1461316644),(23,7,'updated question <a href=\"/dah/web/app_dev.php/dah-admin/secure/faqs/edit/3\">? What do we do</a>',1461316710),(24,7,'changed status <a href=\"/dah/web/app_dev.php/dah-admin/secure/faqs/manage\">بالجانب واشتدّت أي قبل,</a>  to <strong>active</strong> ',1461318272),(25,7,'updated question <a href=\"/dah/web/app_dev.php/dah-admin/secure/faqs/edit/2\">? Where does it come from</a>',1461319424),(26,7,'added question <a href=\"/dah/web/app_dev.php/dah-admin/secure/faqs/edit/4\">Where can I get ipsum ?</a>',1461319606),(27,7,'added question <a href=\"/dah/web/app_dev.php/dah-admin/secure/faqs/edit/5\">انت لم كلا, وقد معقل الضغوط السيطرة من, دون لإع</a>',1461319764),(28,7,'deleted FAQ<a href=\"/dah/web/app_dev.php/dah-admin/secure/faqs/manage\">انت لم كلا, وقد معقل الضغوط السيطرة من, دون لإع</a> ',1461319777),(29,7,'added question <a href=\"/dah/web/app_dev.php/dah-admin/secure/faqs/edit/6\">وقد معقل الضغوط السيطرة من, دون لإعلان المنتصر هو</a>',1461319922),(30,7,'deleted FAQ<a href=\"/dah/web/app_dev.php/dah-admin/secure/faqs/manage\">وقد معقل الضغوط السيطرة من, دون لإعلان المنتصر هو</a> ',1461319933),(31,7,'deleted FAQ<a href=\"/dah/web/app_dev.php/dah-admin/secure/faqs/manage\"> ? Where does it come from </a> ',1461320097),(32,7,'deleted FAQ<a href=\"/dah/web/app_dev.php/dah-admin/secure/faqs/manage\">Where can I get ipsum ?</a> ',1461320114),(33,7,'added question <a href=\"/dah/web/app_dev.php/dah-admin/secure/faqs/edit/7\">What do we do?</a>',1461320249),(34,7,'added question <a href=\"/dah/web/app_dev.php/dah-admin/secure/faqs/edit/8\">Where can I get ipsum</a>',1461320339),(35,7,'deleted FAQ<a href=\"/dah/web/app_dev.php/dah-admin/secure/faqs/manage\">Where can I get ipsum</a> ',1461320346),(36,7,'deleted FAQ<a href=\"/dah/web/app_dev.php/dah-admin/secure/faqs/manage\">What do we do?</a> ',1461320380),(37,7,'added question <a href=\"/dah/web/app_dev.php/dah-admin/secure/faqs/edit/9\">نه مع لإعادة الخاصّة والمعدات, أم دون ميناء واُسدل المجتمع, جديدة بمعارضة إذ دار. غينيا الخاطفة كما من. حول كل قبضتهم استراليا،. يبق مشارف الأمور إذ, بعض كُلفة الثالث المنتصر ما. واقتصار بالسيطرة في بين. ضمنها مساعدة سنغافورة أن تحت, حاول تسبب الإثنان هذا تم.</a>',1461320432),(38,7,'added question <a href=\"/dah/web/app_dev.php/dah-admin/secure/faqs/edit/10\">بعدما الرئيسية الكونجرس في. وتم من هُزم مشارف والفرنس</a>',1461320514),(39,7,'added question <a href=\"/dah/web/app_dev.php/dah-admin/secure/faqs/edit/11\">وبحلول الخاصّة فعل ثم, تعداد الأمريكي دنو عل</a>',1461320643),(40,7,'changed status <a href=\"/dah/web/app_dev.php/dah-admin/secure/faqs/manage\">نه مع لإعادة الخاصّة والمعدات, أم دون ميناء واُسدل المجتمع, جديدة بمعارضة إذ دار. غينيا الخاطفة كما من. حول كل قبضتهم استراليا،. يبق مشارف الأمور إذ, بعض كُلفة الثالث المنتصر ما. واقتصار بالسيطرة في بين. ضمنها مساعدة سنغافورة أن تحت, حاول تسبب الإثنان هذا تم.</a>  to <strong>inactive</strong> ',1461320662),(41,7,'changed status <a href=\"/dah/web/app_dev.php/dah-admin/secure/faqs/manage\">نه مع لإعادة الخاصّة والمعدات, أم دون ميناء واُسدل المجتمع, جديدة بمعارضة إذ دار. غينيا الخاطفة كما من. حول كل قبضتهم استراليا،. يبق مشارف الأمور إذ, بعض كُلفة الثالث المنتصر ما. واقتصار بالسيطرة في بين. ضمنها مساعدة سنغافورة أن تحت, حاول تسبب الإثنان هذا تم.</a>  to <strong>active</strong> ',1461320664),(42,7,'deleted FAQ<a href=\"/dah/web/app_dev.php/dah-admin/secure/faqs/manage\">نه مع لإعادة الخاصّة والمعدات, أم دون ميناء واُسدل المجتمع, جديدة بمعارضة إذ دار. غينيا الخاطفة كما من. حول كل قبضتهم استراليا،. يبق مشارف الأمور إذ, بعض كُلفة الثالث المنتصر ما. واقتصار بالسيطرة في بين. ضمنها مساعدة سنغافورة أن تحت, حاول تسبب الإثنان هذا تم.</a> ',1461320672),(43,8,'Logged in from <strong>192.168.36.39</strong> .',1461323892),(44,8,'Logged in from <strong>192.168.36.37</strong> .',1461324127),(45,8,'Logged Out from <strong>192.168.36.37</strong>.',1461324193),(46,8,'Logged in from <strong>192.168.36.39</strong> .',1461324657),(47,8,'added question <a href=\"/dah/web/app_dev.php/dah-admin/secure/faqs/edit/12\"><p>بشكل وبعد تحرّكت فعل, جُل بـ ونتج أثره، إنطلاق. انه بقسوة للأراضي قد, شيء وبعدما الرئيسية الكونجرس في. وتم من هُزم مشارف والفرنسي, قد المارق ويكيبيديا، قبل, الشطر التخطيط لم الا. عن القوى الانجليزية الأوروبية، وتم.</p></a>',1461324897),(48,8,'added question <a href=\"/dah/web/app_dev.php/dah-admin/secure/faqs/edit/13\"><p>&nbsp;اليابان, حدى قد حادثة واشتدّت ويكيبيديا. أ</p></a>',1461324935),(49,8,'added question <a href=\"/dah/web/app_dev.php/dah-admin/secure/faqs/edit/14\"><p>aaaaaaaaaaaaaaaaa</p></a>',1461326684),(50,8,'deleted FAQ<a href=\"/dah/web/app_dev.php/dah-admin/secure/faqs/manage\"><p>aaaaaaaaaaaaaaaaa</p>\r\n</a> ',1461326696),(51,8,'added question <a href=\"/dah/web/app_dev.php/dah-admin/secure/faqs/edit/15\"><p>sudheeeeeeeeeeeeeeeeeeeeeeeeeeeeeeeee</p></a>',1461328233),(52,8,'added question <a href=\"/dah/web/app_dev.php/dah-admin/secure/faqs/edit/16\"><p>sdfffffffffffffffffffffffffffff</p></a>',1461328908),(53,8,'added question <a href=\"/dah/web/app_dev.php/dah-admin/secure/faqs/edit/17\"><p>wwwwwwwwwwwwww</p></a>',1461333515),(54,8,'deleted FAQ<a href=\"/dah/web/app_dev.php/dah-admin/secure/faqs/manage\"><p>wwwwwwwwwwwwww</p>\r\n</a> ',1461333528),(55,8,'added question <a href=\"/dah/web/app_dev.php/dah-admin/secure/faqs/edit/18\"><p>asddddddddddddddddddddddddddddddd</p></a>',1461333741),(56,8,'deleted FAQ<a href=\"/dah/web/app_dev.php/dah-admin/secure/faqs/manage\"><p>asddddddddddddddddddddddddddddddd</p>\r\n</a> ',1461333756),(57,8,'added question <a href=\"/dah/web/app_dev.php/dah-admin/secure/faqs/edit/19\"><p>dsffffffffffffffffffffffffffffffffff</p></a>',1461333888),(58,8,'Logged in from <strong>::1</strong> .',1461578650),(59,8,'Logged in from <strong>192.168.36.84</strong> .',1461584765),(60,8,'Logged in from <strong>192.168.36.84</strong> .',1461584888),(61,8,'deleted subscriber <a href=\"/dah/web/app_dev.php/dah-admin/secure/subscribers\">dega.saileshreddy@gmail.com</a>',1461585131),(62,8,'Logged in from <strong>192.168.36.84</strong> .',1461585571),(63,8,'Logged Out from <strong>192.168.36.84</strong>.',1461590389),(64,8,'Logged in from <strong>192.168.36.84</strong> .',1461590814),(65,8,'Logged Out from <strong>192.168.36.84</strong>.',1461590816),(66,8,'Logged in from <strong>127.0.0.1</strong> .',1461653927),(67,8,'Logged in from <strong>192.168.36.84</strong> .',1461656309),(68,8,'Logged Out from <strong>192.168.36.84</strong>.',1461658017),(69,8,'Logged in from <strong>192.168.36.84</strong> .',1461658028),(70,8,'changed status <a href=\"/dah/web/app_dev.php/dah-admin/secure/faqs/manage\"><p>dsffffffffffffffffffffffffffffffffff</p>\r\n</a>  to <strong>inactive</strong> ',1461658071),(71,8,'changed status <a href=\"/dah/web/app_dev.php/dah-admin/secure/faqs/manage\"><p>dsffffffffffffffffffffffffffffffffff</p>\r\n</a>  to <strong>active</strong> ',1461658073),(72,8,'changed status <a href=\"/dah/web/app_dev.php/dah-admin/secure/faqs/manage\"><p>dsffffffffffffffffffffffffffffffffff</p>\r\n</a>  to <strong>inactive</strong> ',1461658075),(73,8,'changed status <a href=\"/dah/web/app_dev.php/dah-admin/secure/faqs/manage\"><p>dsffffffffffffffffffffffffffffffffff</p>\r\n</a>  to <strong>active</strong> ',1461658076),(74,8,'added question <a href=\"/dah/web/app_dev.php/dah-admin/secure/faqs/edit/20\"><p><input name=\"dfdff\" type=\"hidden\" value=\"fdfdsf\" />How are you</p></a>',1461658313),(75,8,'added question <a href=\"/dah/web/app_dev.php/dah-admin/secure/faqs/edit/21\"><p>Hello how was ur day</p></a>',1461658869),(76,8,'updated question <a href=\"/dah/web/app_dev.php/dah-admin/secure/faqs/edit/20\"><p><input name=\"dfdff\" type=\"hidden\" value=\"fdfdsf\" />How are you</p></a>',1461659119),(77,8,'updated question <a href=\"/dah/web/app_dev.php/dah-admin/secure/faqs/edit/21\"><p>how are u.Hello how was your day</p></a>',1461659149),(78,8,'updated question <a href=\"/dah/web/app_dev.php/dah-admin/secure/faqs/edit/21\"><p>how are u.Hello how was your day</p></a>',1461659293),(79,8,'deleted FAQ<a href=\"/dah/web/app_dev.php/dah-admin/secure/faqs/manage\"><p>sudheeeeeeeeeeeeeeeeeeeeeeeeeeeeeeeee</p>\r\n</a> ',1461659309),(80,8,'updated question <a href=\"/dah/web/app_dev.php/dah-admin/secure/faqs/edit/21\"><p>how are u.Hello how was your day</p></a>',1461659425),(81,8,'updated question <a href=\"/dah/web/app_dev.php/dah-admin/secure/faqs/edit/21\"><p>how are u.Hello how was your day</p></a>',1461659435),(82,9,'Logged in from <strong>::1</strong> .',1461659685),(83,8,'updated question <a href=\"/dah/web/app_dev.php/dah-admin/secure/faqs/edit/21\"><p>?how are u.Hello how was your day</p></a>',1461659914),(84,8,'deleted FAQ<a href=\"/dah/web/app_dev.php/dah-admin/secure/faqs/manage\"><p>?how are u.Hello how was your day</p>\r\n</a> ',1461660235),(85,8,'deleted FAQ<a href=\"/dah/web/app_dev.php/dah-admin/secure/faqs/manage\"><p>dsffffffffffffffffffffffffffffffffff</p>\r\n</a> ',1461660242),(86,8,'deleted FAQ<a href=\"/dah/web/app_dev.php/dah-admin/secure/faqs/manage\"><p>&nbsp;اليابان, حدى قد حادثة واشتدّت ويكيبيديا. أ</p>\r\n</a> ',1461660247),(87,8,'deleted FAQ<a href=\"/dah/web/app_dev.php/dah-admin/secure/faqs/manage\"><p>بشكل وبعد تحرّكت فعل, جُل بـ ونتج أثره، إنطلاق. انه بقسوة للأراضي قد, شيء وبعدما الرئيسية الكونجرس في. وتم من هُزم مشارف والفرنسي, قد المارق ويكيبيديا، قبل, الشطر التخطيط لم الا. عن القوى الانجليزية الأوروبية، وتم.</p>\r\n</a> ',1461660252),(88,8,'changed status <a href=\"/dah/web/app_dev.php/dah-admin/secure/faqs/manage\"><p><input name=\"dfdff\" type=\"hidden\" value=\"fdfdsf\" />How are you</p>\r\n</a>  to <strong>inactive</strong> ',1461660321),(89,8,'changed status <a href=\"/dah/web/app_dev.php/dah-admin/secure/faqs/manage\"><p><input name=\"dfdff\" type=\"hidden\" value=\"fdfdsf\" />How are you</p>\r\n</a>  to <strong>active</strong> ',1461660325),(90,8,'changed status <a href=\"/dah/web/app_dev.php/dah-admin/secure/faqs/manage\"><p><input name=\"dfdff\" type=\"hidden\" value=\"fdfdsf\" />How are you</p>\r\n</a>  to <strong>inactive</strong> ',1461660327),(91,8,'changed status <a href=\"/dah/web/app_dev.php/dah-admin/secure/faqs/manage\"><p><input name=\"dfdff\" type=\"hidden\" value=\"fdfdsf\" />How are you</p>\r\n</a>  to <strong>active</strong> ',1461660348),(92,8,'changed status <a href=\"/dah/web/app_dev.php/dah-admin/secure/faqs/manage\"><p><input name=\"dfdff\" type=\"hidden\" value=\"fdfdsf\" />How are you</p>\r\n</a>  to <strong>inactive</strong> ',1461660349),(93,8,'changed status <a href=\"/dah/web/app_dev.php/dah-admin/secure/faqs/manage\"><p><input name=\"dfdff\" type=\"hidden\" value=\"fdfdsf\" />How are you</p>\r\n</a>  to <strong>active</strong> ',1461660350),(94,8,'changed status <a href=\"/dah/web/app_dev.php/dah-admin/secure/faqs/manage\"><p><input name=\"dfdff\" type=\"hidden\" value=\"fdfdsf\" />How are you</p>\r\n</a>  to <strong>inactive</strong> ',1461660385),(95,8,'changed status <a href=\"/dah/web/app_dev.php/dah-admin/secure/faqs/manage\"><p><input name=\"dfdff\" type=\"hidden\" value=\"fdfdsf\" />How are you</p>\r\n</a>  to <strong>active</strong> ',1461660407),(96,8,'changed status <a href=\"/dah/web/app_dev.php/dah-admin/secure/faqs/manage\"><p><input name=\"dfdff\" type=\"hidden\" value=\"fdfdsf\" />How are you</p>\r\n</a>  to <strong>inactive</strong> ',1461660573),(97,8,'changed status <a href=\"/dah/web/app_dev.php/dah-admin/secure/faqs/manage\"><p><input name=\"dfdff\" type=\"hidden\" value=\"fdfdsf\" />How are you</p>\r\n</a>  to <strong>active</strong> ',1461660574),(98,8,'changed status <a href=\"/dah/web/app_dev.php/dah-admin/secure/faqs/manage\"><p><input name=\"dfdff\" type=\"hidden\" value=\"fdfdsf\" />How are you</p>\r\n</a>  to <strong>inactive</strong> ',1461660608),(99,8,'changed status <a href=\"/dah/web/app_dev.php/dah-admin/secure/faqs/manage\"><p>sdfffffffffffffffffffffffffffff</p>\r\n</a>  to <strong>inactive</strong> ',1461660631),(100,8,'changed status <a href=\"/dah/web/app_dev.php/dah-admin/secure/faqs/manage\"><p>sdfffffffffffffffffffffffffffff</p>\r\n</a>  to <strong>active</strong> ',1461660636),(101,8,'changed status <a href=\"/dah/web/app_dev.php/dah-admin/secure/faqs/manage\"><p><input name=\"dfdff\" type=\"hidden\" value=\"fdfdsf\" />How are you</p>\r\n</a>  to <strong>active</strong> ',1461660650),(102,8,'changed status <a href=\"/dah/web/app_dev.php/dah-admin/secure/faqs/manage\">وبحلول الخاصّة فعل ثم, تعداد الأمريكي دنو عل</a>  to <strong>inactive</strong> ',1461660878),(103,8,'changed status <a href=\"/dah/web/app_dev.php/dah-admin/secure/faqs/manage\">وبحلول الخاصّة فعل ثم, تعداد الأمريكي دنو عل</a>  to <strong>active</strong> ',1461660880),(104,8,'updated question <a href=\"/dah/web/app_dev.php/dah-admin/secure/faqs/edit/11\"><p>وبحلول الخاصّة فعل ثم, تعداد الأمريكي دنو عل</p></a>',1461660924),(105,8,'updated question <a href=\"/dah/web/app_dev.php/dah-admin/secure/faqs/edit/11\"><p>وبحلول الخاصّة فعل ثم, تعداد الأمريكي دنو عل</p></a>',1461661111),(106,8,'updated question <a href=\"/dah/web/app_dev.php/dah-admin/secure/faqs/edit/11\"><p>وبحلول الخاصّة فعل ثم, تعداد الأمريكي دنو عل</p></a>',1461661123),(107,8,'added question <a href=\"/dah/web/app_dev.php/dah-admin/secure/faqs/edit/22\"><p>hello</p></a>',1461661153),(108,8,'changed status of <a href=\"/dah/web/app_dev.php/dah-admin/secure/students/manage\">sailesh Reddy</a>  to <strong>inactive</strong> ',1461661712),(109,8,'changed status of <a href=\"/dah/web/app_dev.php/dah-admin/secure/students/manage\">sailesh Reddy</a>  to <strong>active</strong> ',1461661714),(110,8,'changed status of <a href=\"/dah/web/app_dev.php/dah-admin/secure/students/manage\">sailesh Reddy</a>  to <strong>inactive</strong> ',1461661716),(111,8,'changed status of <a href=\"/dah/web/app_dev.php/dah-admin/secure/students/manage\">sailesh Reddy</a>  to <strong>active</strong> ',1461661717),(112,8,'changed status of <a href=\"/dah/web/app_dev.php/dah-admin/secure/students/manage\">sailesh Reddy</a>  to <strong>inactive</strong> ',1461662245),(113,8,'changed status of <a href=\"/dah/web/app_dev.php/dah-admin/secure/students/manage\">sailesh Reddy</a>  to <strong>active</strong> ',1461662246),(114,8,'changed status of <a href=\"/dah/web/app_dev.php/dah-admin/secure/students/manage\">sailesh Reddy</a>  to <strong>inactive</strong> ',1461662248),(115,8,'changed status of <a href=\"/dah/web/app_dev.php/dah-admin/secure/students/manage\">sailesh Reddy</a>  to <strong>active</strong> ',1461662249),(116,8,'Logged in from <strong>192.168.36.84</strong> .',1461662392),(117,8,'changed status of student <a href=\"/dah/web/app_dev.php/dah-admin/secure/students/manage\">Test Student</a>  to <strong>inactive</strong> ',1461662439),(118,8,'changed status of student <a href=\"/dah/web/app_dev.php/dah-admin/secure/students/manage\">Test Student</a>  to <strong>active</strong> ',1461662440),(119,8,'deleted student <a href=\"/dah/web/app_dev.php/dah-admin/secure/students/manage\">Test Student</a> ',1461662610),(120,9,'Logged in from <strong>::1</strong> .',1461664977),(121,9,'updated teacher <a href=\"/dah/web/app_dev.php/dah-admin/secure/teachers/edit/36\">Upendra</a>',1461666404),(122,9,'updated teacher <a href=\"/dah/web/app_dev.php/dah-admin/secure/teachers/edit/36\">Upendra</a>',1461666419),(123,9,'updated teacher <a href=\"/dah/web/app_dev.php/dah-admin/secure/teachers/edit/36\">Upendra</a>',1461666437),(124,9,'updated teacher <a href=\"/dah/web/app_dev.php/dah-admin/secure/teachers/edit/36\">Upendra</a>',1461666450),(125,9,'changed status of student <a href=\"/dah/web/app_dev.php/dah-admin/secure/students/manage\">dheer kk</a>  to <strong>active</strong> ',1461668897),(126,9,'changed status of student <a href=\"/dah/web/app_dev.php/dah-admin/secure/students/manage\">dheer kk</a>  to <strong>inactive</strong> ',1461668910),(127,8,'changed status of student <a href=\"/dah/web/app_dev.php/dah-admin/secure/students/manage\">dheer k</a>  to <strong>Active</strong> ',1461670424),(128,8,'changed status of student <a href=\"/dah/web/app_dev.php/dah-admin/secure/students/manage\">dheer k</a>  to <strong>inactive</strong> ',1461670504),(129,8,'changed status of student <a href=\"/dah/web/app_dev.php/dah-admin/secure/students/manage\">dheer k</a>  to <strong>active</strong> ',1461670513),(130,8,'changed status of student <a href=\"/dah/web/app_dev.php/dah-admin/secure/students/manage\">dheer k</a>  to <strong>inactive</strong> ',1461670514),(131,8,'changed status of student <a href=\"/dah/web/app_dev.php/dah-admin/secure/students/manage\">dheer k</a>  to <strong>active</strong> ',1461670520),(132,8,'changed status of student <a href=\"/dah/web/app_dev.php/dah-admin/secure/students/manage\">dheer k</a>  to <strong>inactive</strong> ',1461670587),(133,8,'Logged Out from <strong>192.168.36.84</strong>.',1461671521),(134,8,'Logged in from <strong>192.168.36.84</strong> .',1461671545),(135,8,'updated student <a href=\"/dah/web/app_dev.php/dah-admin/secure/students/edit/38\">dheer</a>',1461671695),(136,8,'updated student <a href=\"/dah/web/app_dev.php/dah-admin/secure/students/edit/38\">dheer</a>',1461672295),(137,8,'added new teacher <a href=\"/dah/web/app_dev.php/dah-admin/secure/teachers/edit/40\">Sailesh</a>',1461672568),(138,9,'changed status of user <a href=\"/dah/web/app_dev.php/dah-admin/secure/students/manage\">Sailesh Reddy</a>  to <strong>active</strong> ',1461672612),(139,9,'changed status of user <a href=\"/dah/web/app_dev.php/dah-admin/secure/students/manage\">Sailesh Reddy</a>  to <strong>inactive</strong> ',1461672613),(140,9,'changed status of user <a href=\"/dah/web/app_dev.php/dah-admin/secure/students/manage\">Upendra Manve</a>  to <strong>active</strong> ',1461672624),(141,9,'changed status of user <a href=\"/dah/web/app_dev.php/dah-admin/secure/students/manage\">Upendra Manve</a>  to <strong>active</strong> ',1461672632),(142,8,'changed status of user <a href=\"/dah/web/app_dev.php/dah-admin/secure/students/manage\">Sailesh Reddy</a>  to <strong>active</strong> ',1461672655),(143,8,'changed status of user <a href=\"/dah/web/app_dev.php/dah-admin/secure/students/manage\">Sailesh Reddy</a>  to <strong>inactive</strong> ',1461672658),(144,8,'updated student <a href=\"/dah/web/app_dev.php/dah-admin/secure/students/edit/38\">dheer</a>',1461672723),(145,9,'changed status of user <a href=\"/dah/web/app_dev.php/dah-admin/secure/students/manage\">Upendra Manve</a>  to <strong>inactive</strong> ',1461672873),(146,9,'changed status of user <a href=\"/dah/web/app_dev.php/dah-admin/secure/students/manage\">Upendra Manve</a>  to <strong>active</strong> ',1461672879),(147,9,'deleted user <a href=\"/dah/web/app_dev.php/dah-admin/secure/students/manage\">Upendra Kumar</a> ',1461672895),(148,8,'deleted user <a href=\"/dah/web/app_dev.php/dah-admin/secure/students/manage\">Sailesh Reddy</a> ',1461673030),(149,8,'added new teacher <a href=\"/dah/web/app_dev.php/dah-admin/secure/teachers/edit/41\">Sailesh</a>',1461673068),(150,8,'deleted user <a href=\"/dah/web/app_dev.php/dah-admin/secure/students/manage\">Sailesh Reddy</a> ',1461673121),(151,8,'added new teacher <a href=\"/dah/web/app_dev.php/dah-admin/secure/teachers/edit/42\">Sailesh</a>',1461673162),(152,8,'deleted user <a href=\"/dah/web/app_dev.php/dah-admin/secure/students/manage\">Sailesh Reddy</a> ',1461673173),(153,8,'added new teacher <a href=\"/dah/web/app_dev.php/dah-admin/secure/teachers/edit/43\">Sailesh</a>',1461673190),(154,8,'deleted user <a href=\"/dah/web/app_dev.php/dah-admin/secure/students/manage\">Sailesh Reddy</a> ',1461673202),(155,8,'added new teacher <a href=\"/dah/web/app_dev.php/dah-admin/secure/teachers/edit/44\">Sailesh</a>',1461673435),(156,8,'deleted user <a href=\"/dah/web/app_dev.php/dah-admin/secure/students/manage\">Sailesh Reddy</a> ',1461673445),(157,8,'added new teacher <a href=\"/dah/web/app_dev.php/dah-admin/secure/teachers/edit/45\">Sailesh</a>',1461673821),(158,8,'deleted user <a href=\"/dah/web/app_dev.php/dah-admin/secure/students/manage\">Sailesh Reddy</a> ',1461673987),(159,8,'added new teacher <a href=\"/dah/web/app_dev.php/dah-admin/secure/teachers/edit/46\">Sailesh</a>',1461674021),(160,8,'updated student <a href=\"/dah/web/app_dev.php/dah-admin/secure/students/edit/38\">dheer</a>',1461674101),(161,8,'Logged in from <strong>192.168.36.84</strong> .',1461676590),(162,8,'added new teacher <a href=\"/dah/web/app_dev.php/dah-admin/secure/teachers/edit/47\">Sailesh</a>',1461676615),(163,9,'updated teacher <a href=\"/dah/web/app_dev.php/dah-admin/secure/teachers/edit/47\">Sailesh</a>',1461677693),(164,8,'Logged in from <strong>192.168.36.84</strong> .',1461678592),(165,8,'added new teacher <a href=\"/dah/web/app_dev.php/dah-admin/secure/teachers/edit/49\">Sailesh</a>',1461678893),(166,8,'deleted user <a href=\"/dah/web/app_dev.php/dah-admin/secure/students/manage\">Sailesh Reddy</a> ',1461678906),(167,8,'Logged Out from <strong>192.168.36.84</strong>.',1461679878),(168,8,'Logged in from <strong>192.168.36.84</strong> .',1461679890),(169,8,'added new teacher <a href=\"/dah/web/app_dev.php/dah-admin/secure/teachers/edit/50\">Sailesh</a>',1461679930),(170,8,'deleted user <a href=\"/dah/web/app_dev.php/dah-admin/secure/students/manage\">Sailesh Reddy</a> ',1461680014),(171,8,'added new teacher <a href=\"/dah/web/app_dev.php/dah-admin/secure/teachers/edit/51\">Sailesh</a>',1461680052),(172,8,'deleted user <a href=\"/dah/web/app_dev.php/dah-admin/secure/students/manage\">Sailesh Reddy</a> ',1461680157),(173,8,'changed status of user <a href=\"/dah/web/app_dev.php/dah-admin/secure/students/manage\">dheer k</a>  to <strong>active</strong> ',1461680425),(174,8,'added new teacher <a href=\"/dah/web/app_dev.php/dah-admin/secure/teachers/edit/52\">Sailesh</a>',1461680455),(175,8,'Logged in from <strong>::1</strong> .',1461682420),(176,8,'Logged in from <strong>192.168.36.84</strong> .',1461736874),(177,8,'deleted user <a href=\"/dah/web/app_dev.php/dah-admin/secure/students/manage\">Sailesh Reddy</a> ',1461738274),(178,8,'added new teacher <a href=\"/dah/web/app_dev.php/dah-admin/secure/teachers/edit/53\">Sailesh</a>',1461738401),(179,8,'changed status of user <a href=\"/dah/web/app_dev.php/dah-admin/secure/students/manage\">Sailesh Reddy</a>  to <strong>active</strong> ',1461739327),(180,8,'changed status of user <a href=\"/dah/web/app_dev.php/dah-admin/secure/students/manage\">Sailesh Reddy</a>  to <strong>inactive</strong> ',1461739329),(181,8,'changed status of user <a href=\"/dah/web/app_dev.php/dah-admin/secure/students/manage\">Sailesh Reddy</a>  to <strong>active</strong> ',1461739330),(182,8,'changed status of user <a href=\"/dah/web/app_dev.php/dah-admin/secure/students/manage\">Sailesh Reddy</a>  to <strong>inactive</strong> ',1461739332),(183,8,'changed status of user <a href=\"/dah/web/app_dev.php/dah-admin/secure/students/manage\">dheer k</a>  to <strong>inactive</strong> ',1461739615),(184,8,'changed status of user <a href=\"/dah/web/app_dev.php/dah-admin/secure/students/manage\">Sailesh Reddy</a>  to <strong>active</strong> ',1461739619),(185,8,'deleted user <a href=\"/dah/web/app_dev.php/dah-admin/secure/students/manage\">Sailesh Reddy</a> ',1461742564),(186,8,'added new teacher <a href=\"/dah/web/app_dev.php/dah-admin/secure/teachers/edit/54\">Sailesh</a>',1461742585),(187,8,'Logged in from <strong>192.168.36.84</strong> .',1461750961),(188,8,'updated teacher <a href=\"/dah/web/app_dev.php/dah-admin/secure/teachers/edit/56\">Sailesh</a>',1461752411),(189,8,'updated teacher <a href=\"/dah/web/app_dev.php/dah-admin/secure/teachers/edit/56\">Sailesh</a>',1461752419),(190,8,'updated teacher <a href=\"/dah/web/app_dev.php/dah-admin/secure/teachers/edit/56\">Saileshdf</a>',1461752518),(191,8,'updated teacher <a href=\"/dah/web/app_dev.php/dah-admin/secure/teachers/edit/56\">Sailesh</a>',1461752552),(192,8,'updated teacher <a href=\"/dah/web/app_dev.php/dah-admin/secure/teachers/edit/56\">ss</a>',1461752993),(193,8,'updated teacher <a href=\"/dah/web/app_dev.php/dah-admin/secure/teachers/edit/56\">sadfds</a>',1461753078),(194,8,'updated teacher <a href=\"/dah/web/app_dev.php/dah-admin/secure/teachers/edit/56\">sadfds</a>',1461753273),(195,8,'updated teacher <a href=\"/dah/web/app_dev.php/dah-admin/secure/teachers/edit/56\">sadfds</a>',1461753381),(196,8,'updated teacher <a href=\"/dah/web/app_dev.php/dah-admin/secure/teachers/edit/56\">sadfds</a>',1461753474),(197,8,'updated teacher <a href=\"/dah/web/app_dev.php/dah-admin/secure/teachers/edit/56\">aqqqqqs</a>',1461753487),(198,8,'updated teacher <a href=\"/dah/web/app_dev.php/dah-admin/secure/teachers/edit/56\">aqqqqqs</a>',1461753504),(199,8,'updated teacher <a href=\"/dah/web/app_dev.php/dah-admin/secure/teachers/edit/56\">zz</a>',1461753527),(200,8,'updated teacher <a href=\"/dah/web/app_dev.php/dah-admin/secure/teachers/edit/55\">hr</a>',1461753610),(201,8,'changed status of user <a href=\"/dah/web/app_dev.php/dah-admin/secure/students/manage\">Sailesh Reddy</a>  to <strong>inactive</strong> ',1461753641),(202,8,'changed status of user <a href=\"/dah/web/app_dev.php/dah-admin/secure/students/manage\">Sailesh Reddy</a>  to <strong>active</strong> ',1461753645),(203,8,'updated teacher <a href=\"/dah/web/app_dev.php/dah-admin/secure/teachers/edit/54\">Sailesh</a>',1461753665),(204,8,'updated teacher <a href=\"/dah/web/app_dev.php/dah-admin/secure/teachers/edit/55\">hr</a>',1461753749),(205,8,'changed status of user <a href=\"/dah/web/app_dev.php/dah-admin/secure/students/manage\">zz qq</a>  to <strong>active</strong> ',1461753756),(206,8,'changed status of user <a href=\"/dah/web/app_dev.php/dah-admin/secure/students/manage\">hr h</a>  to <strong>inactive</strong> ',1461753765),(207,8,'added question <a href=\"/dah/web/app_dev.php/dah-admin/secure/faqs/edit/23\"><p>dsfdsfdf</p></a>',1461758560),(208,8,'updated question <a href=\"/dah/web/app_dev.php/dah-admin/secure/faqs/edit/23\"><p>kjnfcdkjnfkjnd</p></a>',1461759031),(209,8,'updated question <a href=\"/dah/web/app_dev.php/dah-admin/secure/faqs/edit/23\"><p>kjnfcdkjnfkjnd</p></a>',1461759040),(210,8,'deleted FAQ<a href=\"/dah/web/app_dev.php/dah-admin/secure/faqs/manage\"><p>kjnfcdkjnfkjnd</p>\r\n</a> ',1461759194),(211,8,'deleted FAQ<a href=\"/dah/web/app_dev.php/dah-admin/secure/faqs/manage\"><p>hello</p>\r\n</a> ',1461759205),(212,8,'added question <a href=\"/dah/web/app_dev.php/dah-admin/secure/faqs/edit/24\"><p>balllll</p></a>',1461759614),(213,8,'deleted FAQ<a href=\"/dah/web/app_dev.php/dah-admin/secure/faqs/manage\"><p>balllll</p>\r\n</a> ',1461759620),(214,8,'deleted FAQ<a href=\"/dah/web/app_dev.php/dah-admin/secure/faqs/manage\"><p>sdfffffffffffffffffffffffffffff</p>\r\n</a> ',1461759693),(215,8,'deleted user <a href=\"/dah/web/app_dev.php/dah-admin/secure/students/manage\">zz qq</a> ',1461760753),(216,8,'deleted user <a href=\"/dah/web/app_dev.php/dah-admin/secure/students/manage\">hr h</a> ',1461760850),(217,8,'Logged in from <strong>::1</strong> .',1461765310),(218,8,'deleted user <a href=\"/dah/web/app_dev.php/dah-admin/secure/students/manage\">Sailesh Reddy</a> ',1461765574),(219,8,'deleted user <a href=\"/dah/web/app_dev.php/dah-admin/secure/students/manage\">Sailesh Reddy</a> ',1461765577),(220,8,'deleted user <a href=\"/dah/web/app_dev.php/dah-admin/secure/students/manage\">Sailesh Reddy</a> ',1461765589),(221,8,'added student <a href=\"/dah/web/app_dev.php/dah-admin/secure/students/edit/61\">Sailesh Reddy</a>',1461766171),(222,8,'deleted user <a href=\"/dah/web/app_dev.php/dah-admin/secure/students/manage\">Sailesh Reddy</a> ',1461766281),(223,8,'deleted user <a href=\"/dah/web/app_dev.php/dah-admin/secure/students/manage\">Sailesh Reddy</a> ',1461766284),(224,8,'added student <a href=\"/dah/web/app_dev.php/dah-admin/secure/students/edit/62\">Sailesh Reddy</a>',1461766489),(225,8,'deleted user <a href=\"/dah/web/app_dev.php/dah-admin/secure/students/manage\">Sailesh Reddy</a> ',1461766501),(226,8,'added student <a href=\"/dah/web/app_dev.php/dah-admin/secure/students/edit/63\">Sailesh Reddy</a>',1461766524),(227,8,'deleted user <a href=\"/dah/web/app_dev.php/dah-admin/secure/students/manage\">Sailesh Reddy</a> ',1461766537),(228,8,'added student <a href=\"/dah/web/app_dev.php/dah-admin/secure/students/edit/64\">Sailesh Reddy</a>',1461766558),(229,8,'deleted user <a href=\"/dah/web/app_dev.php/dah-admin/secure/students/manage\">Sailesh Reddy</a> ',1461766629),(230,8,'added student <a href=\"/dah/web/app_dev.php/dah-admin/secure/students/edit/65\">Sailesh Reddy</a>',1461766657),(231,8,'added student <a href=\"/dah/web/app_dev.php/dah-admin/secure/students/edit/66\">Sailesh reddy</a>',1461766790),(232,8,'deleted user <a href=\"/dah/web/app_dev.php/dah-admin/secure/students/manage\">Sailesh reddy</a> ',1461766996),(233,8,'deleted user <a href=\"/dah/web/app_dev.php/dah-admin/secure/students/manage\">dheer kk</a> ',1461766998),(234,8,'added student <a href=\"/dah/web/app_dev.php/dah-admin/secure/students/edit/67\">Sailesh Reddy</a>',1461767338),(235,8,'added new news <a href=\"/dah/web/app_dev.php/dah-admin/secure/news/edit/1\">dfgdgdg</a>',1461767381),(236,8,'added new news <a href=\"/dah/web/app_dev.php/dah-admin/secure/news/edit/2\">some news</a>',1461767436),(237,8,'updated student <a href=\"/dah/web/app_dev.php/dah-admin/secure/students/edit/67\">Sailesh</a>',1461767753),(238,8,'deleted user <a href=\"/dah/web/app_dev.php/dah-admin/secure/students/manage\">Sailesh Reddy</a> ',1461767806),(239,8,'deleted user <a href=\"/dah/web/app_dev.php/dah-admin/secure/students/manage\">Sailesh Reddy</a> ',1461767812),(240,8,'added student <a href=\"/dah/web/app_dev.php/dah-admin/secure/students/edit/68\">Sailesh Reddy</a>',1461767826),(241,8,'deleted user <a href=\"/dah/web/app_dev.php/dah-admin/secure/students/manage\">Sailesh Reddy</a> ',1461767918),(242,8,'added student <a href=\"/dah/web/app_dev.php/dah-admin/secure/students/edit/69\">Sailesh Reddy</a>',1461767943),(243,8,'changed Subscriber <a href=\"/dah/web/app_dev.php/dah-admin/secure/subscribers\">upendrakumar@cestechservices.com</a> status changed to <strong>Un subscribed</strong> ',1461768330),(244,8,'changed Subscriber <a href=\"/dah/web/app_dev.php/dah-admin/secure/subscribers\">upendrakumar@cestechservices.com</a> status changed to <strong>Subscribed</strong> ',1461768336),(245,8,'added new news <a href=\"/dah/web/app_dev.php/dah-admin/secure/news/edit/3\">some arabic news title</a>',1461768646),(246,8,'changed status of user <a href=\"/dah/web/app_dev.php/dah-admin/secure/students/manage\">Sailesh Reddy</a>  to <strong>active</strong> ',1461768702),(247,8,'changed status of user <a href=\"/dah/web/app_dev.php/dah-admin/secure/students/manage\">Sailesh Reddy</a>  to <strong>inactive</strong> ',1461768705),(248,8,'changed status of user <a href=\"/dah/web/app_dev.php/dah-admin/secure/students/manage\">Sailesh Reddy</a>  to <strong>active</strong> ',1461768706),(249,8,'changed status of user <a href=\"/dah/web/app_dev.php/dah-admin/secure/students/manage\">dheer k</a>  to <strong>active</strong> ',1461768707),(250,8,'added new news <a href=\"/dah/web/app_dev.php/dah-admin/secure/news/edit/4\">تم لغات أمام يتم, أراض واُسدل مسؤولية فقد من. لكون اليها كما كل. ثم غرّة، وباءت ذات. قد تونس وتنصيب غير, عدم اتفاق النفط تشيكوسلوفاكيا لم.</a>',1461768971),(251,8,'added new news <a href=\"/dah/web/app_dev.php/dah-admin/secure/news/edit/5\">عُقر كُلفة ولم و, وجزر العناد بها لم. الى لم</a>',1461769050),(252,8,'updated student <a href=\"/dah/web/app_dev.php/dah-admin/secure/students/edit/69\">Sailesh</a>',1461769217),(253,8,'updated student <a href=\"/dah/web/app_dev.php/dah-admin/secure/students/edit/69\">Sailesh</a>',1461769233),(254,8,'updated student <a href=\"/dah/web/app_dev.php/dah-admin/secure/students/edit/69\">Sailesh</a>',1461769244),(255,8,'updated student <a href=\"/dah/web/app_dev.php/dah-admin/secure/students/edit/69\">Sailesh</a>',1461769253),(256,8,'updated student <a href=\"/dah/web/app_dev.php/dah-admin/secure/students/edit/69\">Sailesh</a>',1461769264),(257,8,'updated student <a href=\"/dah/web/app_dev.php/dah-admin/secure/students/edit/69\">Sailesh</a>',1461769967),(258,8,'Logged in from <strong>192.168.36.84</strong> .',1461823486),(259,8,'added student <a href=\"/dah/web/app_dev.php/dah-admin/secure/students/edit/70\">hsajd bhkjbhj</a>',1461823521),(260,8,'deleted user <a href=\"/dah/web/app_dev.php/dah-admin/secure/students/manage\">hsajd bhkjbhj</a> ',1461823542),(261,8,'updated question <a href=\"/dah/web/app_dev.php/dah-admin/secure/faqs/edit/20\"><p><input name=\"dfdff\" type=\"hidden\" value=\"fdfdsf\" />How are younfkjnkjnk</p></a>',1461824882),(262,8,'updated question <a href=\"/dah/web/app_dev.php/dah-admin/secure/faqs/edit/20\"><p><input name=\"dfdff\" type=\"hidden\" value=\"fdfdsf\" />How are younfkjnkjnk</p></a>',1461825082),(263,8,'changed Subscriber <a href=\"/dah/web/app_dev.php/dah-admin/secure/subscribers\">praveenreddy.govind@gmail.com</a> status changed to <strong>Un subscribed</strong> ',1461825870),(264,8,'added new news <a href=\"/dah/web/app_dev.php/dah-admin/secure/news/edit/6\">Agusta Scam In Supreme Court, FIR Sought Against Sonia Gandhi, Manmohan Singh</a>',1461826048),(265,8,'Logged in from <strong>::1</strong> .',1461826749),(266,8,'updated news <a href=\"/dah/web/app_dev.php/dah-admin/secure/news/edit/6\">Agusta Scam In Supreme Court, FIR Sought Against Sonia Gandhi, Manmohan Singh</a>',1461827418),(267,8,'updated news <a href=\"/dah/web/app_dev.php/dah-admin/secure/news/edit/6\">Agusta Scam In Supreme Court, FIR Sought Against Sonia Gandhi, Manmohan Singh</a>',1461827444),(268,8,'updated news <a href=\"/dah/web/app_dev.php/dah-admin/secure/news/edit/6\">Agusta Scam In Supreme Court, FIR Sought Against Sonia Gandhi, Manmohan Singh</a>',1461827518),(269,8,'updated news <a href=\"/dah/web/app_dev.php/dah-admin/secure/news/edit/6\">Agusta Scam In Supreme Court, FIR Sought Against Sonia Gandhi, Manmohan Singh</a>',1461827549),(270,8,'deleted news <a href=\"/dah/web/app_dev.php/dah-admin/secure/news/manage\">dfgdgdg</a>',1461829128),(271,8,'deleted news <a href=\"/dah/web/app_dev.php/dah-admin/secure/news/manage\">some news</a>',1461829175),(272,8,'deleted news <a href=\"/dah/web/app_dev.php/dah-admin/secure/news/manage\">some arabic news title</a>',1461829214),(273,8,'deleted news <a href=\"/dah/web/app_dev.php/dah-admin/secure/news/manage\">عُقر كُلفة ولم و, وجزر العناد بها لم. الى لم</a>',1461829254),(274,8,'deleted news <a href=\"/dah/web/app_dev.php/dah-admin/secure/news/manage\">But You Didn\'t Ban Agusta, We Did, Says BJP To Congress On Chopper Scam</a>',1461834056),(275,8,'added new news <a href=\"/dah/web/app_dev.php/dah-admin/secure/news/edit/19\">Agusta Scam In Supreme Court, FIR Sought Against Sonia Gandhi, Manmohan Singh</a>',1461834120),(276,8,'added new news <a href=\"/dah/web/app_dev.php/dah-admin/secure/news/edit/20\">Agusta Scam In Supreme Court, FIR Sought Against Sonia Gandhi, Manmohan Singh</a>',1461834324),(277,8,'added new news <a href=\"/dah/web/app_dev.php/dah-admin/secure/news/edit/21\">Agusta Scam In Supreme Court, FIR Sought Against Sonia Gandhi, Manmohan Singh</a>',1461834398),(278,8,'added new news <a href=\"/dah/web/app_dev.php/dah-admin/secure/news/edit/22\">Agusta Scam In Supreme Court, FIR Sought Against Sonia Gandhi, Manmohan Singh</a>',1461834428),(279,8,'added new news <a href=\"/dah/web/app_dev.php/dah-admin/secure/news/edit/23\">Agusta Scam In Supreme Court, FIR Sought Against Sonia Gandhi, Manmohan Singh</a>',1461834451),(280,8,'added new news <a href=\"/dah/web/app_dev.php/dah-admin/secure/news/edit/24\">Agusta Scam In Supreme Court, FIR Sought Against Sonia Gandhi, Manmohan Singh</a>',1461834654),(281,8,'added new news <a href=\"/dah/web/app_dev.php/dah-admin/secure/news/edit/25\">kjsfbsbgdb</a>',1461834749),(282,8,'added new news <a href=\"/dah/web/app_dev.php/dah-admin/secure/news/edit/26\">ifbdsihjbfidebfi</a>',1461834777),(283,8,'added new news <a href=\"/dah/web/app_dev.php/dah-admin/secure/news/edit/27\">reigbfbhiewfbwfi</a>',1461834799),(284,8,'added new news <a href=\"/dah/web/app_dev.php/dah-admin/secure/news/edit/28\">fhewvfuhevfuvbu</a>',1461834826),(285,8,'added new news <a href=\"/dah/web/app_dev.php/dah-admin/secure/news/edit/29\">ifbheiufebhwiufbhuie</a>',1461834888),(286,8,'updated news <a href=\"/dah/web/app_dev.php/dah-admin/secure/news/edit/29\">Agusta Scam In Supreme Court, FIR Sought Against Sonia Gandhi, Manmohan Singh</a>',1461835391),(287,8,'updated news <a href=\"/dah/web/app_dev.php/dah-admin/secure/news/edit/29\">Agusta Scam In Supreme Court, FIR Sought Against Sonia Gandhi, Manmohan Singh</a>',1461835476),(288,8,'deleted news <a href=\"/dah/web/app_dev.php/dah-admin/secure/news/manage\">Agusta Scam In Supreme Court, FIR Sought Against Sonia Gandhi, Manmohan Singh</a>',1461836326),(289,8,'deleted news <a href=\"/dah/web/app_dev.php/dah-admin/secure/news/manage\">fhewvfuhevfuvbu</a>',1461836368),(290,8,'deleted news <a href=\"/dah/web/app_dev.php/dah-admin/secure/news/manage\">reigbfbhiewfbwfi</a>',1461836371),(291,8,'deleted news <a href=\"/dah/web/app_dev.php/dah-admin/secure/news/manage\">ifbdsihjbfidebfi</a>',1461836374),(292,8,'deleted news <a href=\"/dah/web/app_dev.php/dah-admin/secure/news/manage\">kjsfbsbgdb</a>',1461836391),(293,8,'Logged in from <strong>192.168.36.30</strong> .',1461837504),(294,8,'deleted news <a href=\"/dah/web/app_dev.php/dah-admin/secure/news/manage\">Agusta Scam In Supreme Court, FIR Sought Against Sonia Gandhi, Manmohan Singh</a>',1461839549),(295,8,'deleted news <a href=\"/dah/web/app_dev.php/dah-admin/secure/news/manage\">Agusta Scam In Supreme Court, FIR Sought Against Sonia Gandhi, Manmohan Singh</a>',1461839552),(296,8,'deleted news <a href=\"/dah/web/app_dev.php/dah-admin/secure/news/manage\">Agusta Scam In Supreme Court, FIR Sought Against Sonia Gandhi, Manmohan Singh</a>',1461839554),(297,8,'deleted news <a href=\"/dah/web/app_dev.php/dah-admin/secure/news/manage\">Agusta Scam In Supreme Court, FIR Sought Against Sonia Gandhi, Manmohan Singh</a>',1461839581),(298,8,'deleted news <a href=\"/dah/web/app_dev.php/dah-admin/secure/news/manage\">Agusta Scam In Supreme Court, FIR Sought Against Sonia Gandhi, Manmohan Singh</a>',1461839586),(299,8,'deleted news <a href=\"/dah/web/app_dev.php/dah-admin/secure/news/manage\">Agusta Scam In Supreme Court, FIR Sought Against Sonia Gandhi, Manmohan Singh</a>',1461839589),(300,8,'deleted news <a href=\"/dah/web/app_dev.php/dah-admin/secure/news/manage\">But You Didn\'t Ban Agusta, We Did, Says BJP To Congress On Chopper Scam</a>',1461839592),(301,8,'deleted news <a href=\"/dah/web/app_dev.php/dah-admin/secure/news/manage\">But You Didn\'t Ban Agusta, We Did, Says BJP To Congress On Chopper Scam</a>',1461839595),(302,8,'deleted news <a href=\"/dah/web/app_dev.php/dah-admin/secure/news/manage\">But You Didn\'t Ban Agusta, We Did, Says BJP To Congress On Chopper Scam</a>',1461839603),(303,8,'deleted news <a href=\"/dah/web/app_dev.php/dah-admin/secure/news/manage\">But You Didn\'t Ban Agusta, We Did, Says BJP To Congress On Chopper Scam</a>',1461839607),(304,8,'deleted news <a href=\"/dah/web/app_dev.php/dah-admin/secure/news/manage\">But You Didn\'t Ban Agusta, We Did, Says BJP To Congress On Chopper Scam</a>',1461839613),(305,8,'deleted news <a href=\"/dah/web/app_dev.php/dah-admin/secure/news/manage\">But You Didn\'t Ban Agusta, We Did, Says BJP To Congress On Chopper Scam</a>',1461839618),(306,8,'deleted news <a href=\"/dah/web/app_dev.php/dah-admin/secure/news/manage\">But You Didn\'t Ban Agusta, We Did, Says BJP To Congress On Chopper Scam</a>',1461839624),(307,8,'deleted news <a href=\"/dah/web/app_dev.php/dah-admin/secure/news/manage\">But You Didn\'t Ban Agusta, We Did, Says BJP To Congress On Chopper Scam</a>',1461839629),(308,8,'deleted news <a href=\"/dah/web/app_dev.php/dah-admin/secure/news/manage\">But You Didn\'t Ban Agusta, We Did, Says BJP To Congress On Chopper Scam</a>',1461839631),(309,8,'deleted news <a href=\"/dah/web/app_dev.php/dah-admin/secure/news/manage\">Agusta Scam In Supreme Court, FIR Sought Against Sonia Gandhi, Manmohan Singh</a>',1461839649),(310,8,'deleted news <a href=\"/dah/web/app_dev.php/dah-admin/secure/news/manage\">But You Didn\'t Ban Agusta, We Did, Says BJP To Congress On Chopper Scam</a>',1461839656),(311,8,'deleted news <a href=\"/dah/web/app_dev.php/dah-admin/secure/news/manage\">But You Didn\'t Ban Agusta, We Did, Says BJP To Congress On Chopper Scam</a>',1461839658),(312,8,'deleted FAQ<a href=\"/dah/web/app_dev.php/dah-admin/secure/faqs/manage\"><p><input name=\"dfdff\" type=\"hidden\" value=\"fdfdsf\" />How are younfkjnkjnk</p>\r\n</a> ',1461839726),(313,8,'deleted user <a href=\"/dah/web/app_dev.php/dah-admin/secure/students/manage\">dheer k</a> ',1461839738),(314,8,'deleted user <a href=\"/dah/web/app_dev.php/dah-admin/secure/students/manage\">Test Teacher</a> ',1461839742),(315,8,'updated student <a href=\"/dah/web/app_dev.php/dah-admin/secure/students/edit/69\">Sailesh</a>',1461841239),(316,8,'added new news <a href=\"/dah/web/app_dev.php/dah-admin/secure/news/edit/30\">يطول اقتصادية ٣٠ تعد, أم نقطة يرتبط معزّزة فقد, عن أما وسفن إستعمل الأهداف. ما بحث أوزار مقاومة تشيكوسلوفاكيا. من فصل بأيدي اتفاقية, السفن بلديهما جُل في. مسارح الصفحة ٣٠ لها. مع جهة وفرنسا وايرلندا الأثناء،, إذ واستمر وبلجيكا، على, تم بداية المتّبعة</a>',1461842418),(317,8,'added new news <a href=\"/dah/web/app_dev.php/dah-admin/secure/news/edit/31\">بحث مع الهجوم البشريةً, بـ تجهيز مقاطعة فعل, بعض دخول الدول والفرنسي إذ. إعلان وتتحمّل وصل كل, لدحر الولايات قام عن, قد أسر اتّجة بتحدّي الحيلولة. فقد واُسدل الثقيلة الوزراء أي, إذ الغالي بمباركة والفرنسي مكن, عدم فهرست بالمحور ثم. إحكام واستمر وقدّم</a>',1461842568),(318,8,'added new news <a href=\"/dah/web/app_dev.php/dah-admin/secure/news/edit/32\">ك لمّ أن, كل جهة سقوط لإنعدام الإقتصادي. لان ثم عُقر الجو الدمج, كما ثم عالمية إستيلاء للأراضي, تصفح مكثّفة ايطاليا، عن كما. تم وقد كانتا يعادل, دار قد مكثّفة الشمال التغييرات, لعملة مقاطعة قد حيث. دفّة قدما للسيطرة هذه ان, قدما ومحاولة واندونيسيا، ل</a>',1461842667),(319,8,'added new news <a href=\"/dah/web/app_dev.php/dah-admin/secure/news/edit/33\">س الساحلية, بزمام تحرّك لمّ أن, كل جهة سقوط لإنعدام الإقتصادي. لان ثم عُقر الجو الدمج, كما ثم عالمية إستيلاء للأراضي, تصفح مكثّفة ايطاليا، عن كما. تم وقد كانتا يعادل, دار قد مكثّفة الشمال التغييرات, لعملة مقاطعة قد حيث. دفّة قدما للسيطرة هذه ان, قدما</a>',1461842753),(320,8,'added new news <a href=\"/dah/web/app_dev.php/dah-admin/secure/news/edit/34\">دفّة قدما للسيطرة هذه ان, قدما ومحاولة واندونيسيا، لها ما.  يطول اقتصادية ٣٠ تعد, أم نقطة يرتبط معزّزة فقد, عن أما وسفن إستعمل الأهداف. ما بحث أوزار مقاومة تشيكوسلوفاكيا. من فصل بأيدي اتفاقية, السفن بلديهما جُل في. مسارح الصفحة ٣</a>',1461842832),(321,8,'added new news <a href=\"/dah/web/app_dev.php/dah-admin/secure/news/edit/35\">الساحلية, بزمام تحرّك لمّ أن, كل جهة سقوط لإنعدام الإقتصادي. لان ثم عُقر الجو الدمج, كما ثم عالمية إستيلاء للأراضي, تصفح مكثّفة ايطاليا، عن كما. تم وقد كانتا يعادل, دار قد مكثّفة الشمال التغييرات, لعملة مقاطعة قد حيث.</a>',1461842893),(322,8,'added question <a href=\"/dah/web/app_dev.php/dah-admin/secure/faqs/edit/25\"><p>الساحلية, بزمام تحرّك لمّ أن, كل جهة سقوط لإنعدام الإقتصادي. لان ثم عُقر الجو الدمج, كما ثم عالمية إستيلاء للأراضي, تصفح مكثّفة ايطاليا، عن كما. تم وقد كانتا يعادل, دار قد مكثّفة الشمال التغييرات, لعملة مقاطعة قد حيث.</p></a>',1461842966),(323,8,'added question <a href=\"/dah/web/app_dev.php/dah-admin/secure/faqs/edit/26\"><p>ن, كل جهة سقوط لإنعدام الإقتصادي. لان ثم عُقر الجو الدمج, كما ثم عالمية إستيلاء للأراضي, تصفح مكثّفة ايطاليا، عن كما. تم وقد كانتا يعادل, دار قد مكثّفة الشمال التغييرات, لعملة مقاطعة قد حيث. دفّة قدما للسيطرة هذه ان, قدما ومحاولة واندونيسيا، لها ما.</p>\r\n\r\n<p>يطول اقتصادية ٣٠ تعد, أم نقطة يرتبط معزّزة فقد, عن أما وسفن إستعمل الأهداف. ما بحث أوزار مقاو</p></a>',1461842984),(324,8,'added question <a href=\"/dah/web/app_dev.php/dah-admin/secure/faqs/edit/27\"><p>هو جهة لعدم المتّبعة. إحتار المسرح تم ذلك. القوى واتّجه مساعدة ٣٠ فقد, ومن ٣٠ ثانية بأضرار. قدما أفريقيا كلّ عل. دول الأخذ التحالف أم, حول وهولندا، والفلبين الدولارات في.</p>\r\n\r\n<p>حاملات واستمرت الوزراء من بعد, أم مدن اعلان كانتا بالولايات. مدينة اوروبا اتفاقية كل لان, تسبب وبعدما الباهضة دول أم, و المحيط تحرّكت كلا. إذ طوكيو أطراف والروسية بال, الحرة تعداد وتنامت تم يكن. حيث لإعادة العاصمة كل, ما لهذه ليبين لان. بتخصيص مسؤولية كل فقد, فعل و لإعلان وبولندا الإحتفاظ, حقول كانت ممثّلة وتم أي.</p>\r\n\r\n<p>٣٠ الله ووصف المواد تعد, عدم يعبأ سليمان، المتساقطة، مع. لمّ القوى بأضرار بل, الى الثانية ومطالبة للأراضي أم. ٣٠ بالرّد الباهضة أفريقيا حدى, ان ذات البرية ويكيبيديا. أضف ثم قائمة والكساد, أخر بشكل والنرويج و. تشكيل المسرح الأوضاع مكن إذ. احداث الفرنسي بحث و. أمام الأمريكي هو حتى.</p>\r\n\r\n<p>عل بعض يقوم شرسة وأزيز. لكل كل مرمى للحكومة الواقعة, الا هو احداث معارضة اليابان،. أي ذلك فكان دأبوا اتفاق, أم فقامت تكاليف بالجانب مما. فقامت سليمان، بالتوقيع لكل عن. كان وترك شمال واُسدل عل, وبحلول بلديهما بالتوقيع بعد إذ.</p>\r\n\r\n<p>بفرض العدّ الدنمارك ولم أم. أم وزارة بالجانب وصل. أساسي التخطيط لكل تم. مدن عل واعتلاء لبولندا،, تعد ٣٠ الجوي الإكتفاء. هذه الحرة مكثّفة الإمداد تم. حتى هو تكبّد الإحتفاظ, فصل عل رئيس السبب وبحلول. ومن اوروبا الخارجية الشّعبين إذ, تعد ان أحكم إعادة الخارجية.</p>\r\n\r\n<p>وقام سكان معزّزة ذات إذ, أن بقسوة باستحداث هذا. جهة أفاق بالعمل ولكسمبورغ ٣٠, الجو جزيرتي العمليات تم ذلك, أسر تم يتبقّ رجوعهم إيطاليا. هو وتم وإقامة ويكيبيديا،, فمرّ الكونجرس أما مع. هو جديداً الشهيرة وبولندا عدد, غير ان غضون وقدّموا المتاخمة, بين قد بزمام المزيفة. من وقرى غضون دنو. دول الثانية والنفيس أن, مما أي وعُرفت بالتوقيع اليابانية.</p>\r\n\r\n<p>قدما بالولايات الى لم, به، الشمل جزيرتي استعملت ٣٠. يتم أم عُقر وإيطالي البولندي, بالرغم الفرنسي فعل قد. ما كما خلاف فاتّبع. فعل لدحر لأداء أوراقهم في, ٣٠ بلاده للسيطرة الشتاء، تلك, فصل لم بالفشل البشريةً. النزاع للإتحاد قد لها. بزمام العدّ لها أن.</p>\r\n\r\n<p>كل السبب معزّزة وهولندا، أضف, بحث تم وسمّيت استراليا،. إذ أسر قِبل استبدال, عن سقوط والكوري الاندونيسية قبل, نتيجة فكانت عن لمّ. أما وعُرفت عسكرياً والروسية هو. دار للمجهود الإطلاق قُدُماً من. لم بسبب وقام السيء مما, تشكيل الثقيل الجنوبي عن حيث. ترتيب الشّعبين ما نفس, تحت في وبدون تسمّى يتسنّى, ترتيب بمباركة ثم لان.</p>\r\n\r\n<p>بالعمل ليتسنّى دنو عن, وقبل أسابيع دنو قد, ماشاء جديداً كلّ أم. إيو ان يطول وقرى. كلا قد سقطت الشهير, أن مارد فكانت فقد. عالمية المجتمع ومحاولة من حدى, ان الى صفحة الأوربيين. من وترك شمال تعد, ما دون أفاق مشروط الآلاف.</p>\r\n\r\n<p>بقصف وتزويده وصافرات غير ثم, وصغار الساحلية على عن. رئيس وأزيز الستار لم بحق. جيما شمال إعمار ان وتم. ثم بين ميناء محاولات الإحتفاظ, ٢٠٠٤ بتحدّي والعتاد أما و. غير أم المحيط بالإنزال, من بخطوط بمعارضة مكن. بـ الأهداف اليابانية حين, عدد إستيلاء واعتلاء أي, بـ أخذ مليون الصفحات. جُل والفرنسي الأبرياء ان.<br />\r\n&nbsp; &nbsp; &nbsp;&nbsp;</p></a>',1461843021),(325,8,'added question <a href=\"/dah/web/app_dev.php/dah-admin/secure/faqs/edit/28\"><p>لاف.بقصف وتزويده وصافرات غير ثم, وبين ميناء محاولات الإحتفاظ, ٢٠٠٤ بتحدّي والعتاد أما و. غير أم المحيط بالإنزال, من بخطوط بمعارضة مكن. بـ الأهداف اليابانية حين, عدد إستيلاء واعتلاء أي, بـ أخذ مليون الصفحات. جُل والفرنسي الأبرياء ان.<br />\r\n&nbsp; &nbsp; &nbsp;&nbsp;</p></a>',1461843073),(326,8,'added question <a href=\"/dah/web/app_dev.php/dah-admin/secure/faqs/edit/29\"><p>&nbsp;</p>\r\n\r\n<p>بقصف وتزويده وصافرات غير ثم, وصغار العن. رئيس وأزيز الستار لم بحق. جيما شمال إعمار ان وتم. ثم غير أم المحيط بالإنزال, من بخطوط بمعارضة مكن. بـ الأهداف اليابانية حين, عدد إستيلاء واعتلاء أي, بـ أخذ مليون الصفحات. جُل والفرنسي الأبرياء ان.<br />\r\n&nbsp; &nbsp; &nbsp;&nbsp;</p></a>',1461843956),(327,8,'deleted FAQ<a href=\"/dah/web/app_dev.php/dah-admin/secure/faqs/manage\"><p>هو جهة لعدم المتّبعة. إحتار المسرح تم ذلك. القوى واتّجه مساعدة ٣٠ فقد, ومن ٣٠ ثانية بأضرار. قدما أفريقيا كلّ عل. دول الأخذ التحالف أم, حول وهولندا، والفلبين الدولارات في.</p>\r\n\r\n<p>حاملات واستمرت الوزراء من بعد, أم مدن اعلان كانتا بالولايات. مدينة اوروبا اتفاقية كل لان, تسبب وبعدما الباهضة دول أم, و المحيط تحرّكت كلا. إذ طوكيو أطراف والروسية بال, الحرة تعداد وتنامت تم يكن. حيث لإعادة العاصمة كل, ما لهذه ليبين لان. بتخصيص مسؤولية كل فقد, فعل و لإعلان وبولندا الإحتفاظ, حقول كانت ممثّلة وتم أي.</p>\r\n\r\n<p>٣٠ الله ووصف المواد تعد, عدم يعبأ سليمان، المتساقطة، مع. لمّ القوى بأضرار بل, الى الثانية ومطالبة للأراضي أم. ٣٠ بالرّد الباهضة أفريقيا حدى, ان ذات البرية ويكيبيديا. أضف ثم قائمة والكساد, أخر بشكل والنرويج و. تشكيل المسرح الأوضاع مكن إذ. احداث الفرنسي بحث و. أمام الأمريكي هو حتى.</p>\r\n\r\n<p>عل بعض يقوم شرسة وأزيز. لكل كل مرمى للحكومة الواقعة, الا هو احداث معارضة اليابان،. أي ذلك فكان دأبوا اتفاق, أم فقامت تكاليف بالجانب مما. فقامت سليمان، بالتوقيع لكل عن. كان وترك شمال واُسدل عل, وبحلول بلديهما بالتوقيع بعد إذ.</p>\r\n\r\n<p>بفرض العدّ الدنمارك ولم أم. أم وزارة بالجانب وصل. أساسي التخطيط لكل تم. مدن عل واعتلاء لبولندا،, تعد ٣٠ الجوي الإكتفاء. هذه الحرة مكثّفة الإمداد تم. حتى هو تكبّد الإحتفاظ, فصل عل رئيس السبب وبحلول. ومن اوروبا الخارجية الشّعبين إذ, تعد ان أحكم إعادة الخارجية.</p>\r\n\r\n<p>وقام سكان معزّزة ذات إذ, أن بقسوة باستحداث هذا. جهة أفاق بالعمل ولكسمبورغ ٣٠, الجو جزيرتي العمليات تم ذلك, أسر تم يتبقّ رجوعهم إيطاليا. هو وتم وإقامة ويكيبيديا،, فمرّ الكونجرس أما مع. هو جديداً الشهيرة وبولندا عدد, غير ان غضون وقدّموا المتاخمة, بين قد بزمام المزيفة. من وقرى غضون دنو. دول الثانية والنفيس أن, مما أي وعُرفت بالتوقيع اليابانية.</p>\r\n\r\n<p>قدما بالولايات الى لم, به، الشمل جزيرتي استعملت ٣٠. يتم أم عُقر وإيطالي البولندي, بالرغم الفرنسي فعل قد. ما كما خلاف فاتّبع. فعل لدحر لأداء أوراقهم في, ٣٠ بلاده للسيطرة الشتاء، تلك, فصل لم بالفشل البشريةً. النزاع للإتحاد قد لها. بزمام العدّ لها أن.</p>\r\n\r\n<p>كل السبب معزّزة وهولندا، أضف, بحث تم وسمّيت استراليا،. إذ أسر قِبل استبدال, عن سقوط والكوري الاندونيسية قبل, نتيجة فكانت عن لمّ. أما وعُرفت عسكرياً والروسية هو. دار للمجهود الإطلاق قُدُماً من. لم بسبب وقام السيء مما, تشكيل الثقيل الجنوبي عن حيث. ترتيب الشّعبين ما نفس, تحت في وبدون تسمّى يتسنّى, ترتيب بمباركة ثم لان.</p>\r\n\r\n<p>بالعمل ليتسنّى دنو عن, وقبل أسابيع دنو قد, ماشاء جديداً كلّ أم. إيو ان يطول وقرى. كلا قد سقطت الشهير, أن مارد فكانت فقد. عالمية المجتمع ومحاولة من حدى, ان الى صفحة الأوربيين. من وترك شمال تعد, ما دون أفاق مشروط الآلاف.</p>\r\n\r\n<p>بقصف وتزويده وصافرات غير ثم, وصغار الساحلية على عن. رئيس وأزيز الستار لم بحق. جيما شمال إعمار ان وتم. ثم بين ميناء محاولات الإحتفاظ, ٢٠٠٤ بتحدّي والعتاد أما و. غير أم المحيط بالإنزال, من بخطوط بمعارضة مكن. بـ الأهداف اليابانية حين, عدد إستيلاء واعتلاء أي, بـ أخذ مليون الصفحات. جُل والفرنسي الأبرياء ان.<br />\r\n&nbsp; &nbsp; &nbsp;&nbsp;</p>\r\n</a> ',1461843982),(328,8,'added question <a href=\"/dah/web/app_dev.php/dah-admin/secure/faqs/edit/30\"><p>المسرح الأوضاع مكن إذ. احداث الفرنسي بحث و. أمام الأمريكي هو حتى.</p>\r\n\r\n<p>عل بعض يقوم شرسة وأزيز. لكل كل مرمى للحكومة الواقعة, الا هو احداث معارضة اليابان،. أي ذلك فكان دأبوا اتفاق, أم فقامت تكاليف بالجانب مما. فقامت سليمان، بالتوقيع لكل عن. كان وترك شمال واُسدل عل, وبحلول بلديهما بالتوقيع بعد إذ.</p>\r\n\r\n<p>بفرض العدّ الدنمارك ولم أم. أم وزارة بالجانب وصل. أساسي التخطيط لكل تم. مدن عل واعتلاء لبولندا،, تعد ٣٠ الجوي الإكتفاء. هذه الحرة مكثّفة الإمداد تم. حتى هو تكبّد الإحتفاظ, ف</p></a>',1461843989),(329,8,'deleted user <a href=\"/dah/web/app_dev.php/dah-admin/secure/students/manage\">Sailesh Reddy</a> ',1461844027),(330,8,'deleted user <a href=\"/dah/web/app_dev.php/dah-admin/secure/students/manage\">dheer k</a> ',1461844030),(331,8,'added student <a href=\"/dah/web/app_dev.php/dah-admin/secure/students/edit/71\">شمال الأوربيين</a>',1461844080),(332,8,'updated student <a href=\"/dah/web/app_dev.php/dah-admin/secure/students/edit/71\">شمال</a>',1461844188),(333,8,'updated student <a href=\"/dah/web/app_dev.php/dah-admin/secure/students/edit/71\">شمال</a>',1461844199),(334,8,'added new teacher <a href=\"/dah/web/app_dev.php/dah-admin/secure/teachers/edit/72\">بالإنزال</a>',1461844353),(335,8,'deleted subscriber <a href=\"/dah/web/app_dev.php/dah-admin/secure/subscribers\">saileshreddy09@gmail.com</a>',1461844574),(336,8,'deleted subscriber <a href=\"/dah/web/app_dev.php/dah-admin/secure/subscribers\">dega.saileshreddy@gmail.com</a>',1461844578),(337,8,'deleted subscriber <a href=\"/dah/web/app_dev.php/dah-admin/secure/subscribers\">saileshreddytester@gmail.com</a>',1461844580),(338,8,'added new workshop <a href=\"/dah/web/app_dev.php/dah-admin/secure/workshop/edit/1\">some title</a>',1461847496),(339,8,'updated workshop <a href=\"/dah/web/app_dev.php/dah-admin/secure/workshop/edit/1\">some title</a>',1461847902),(340,8,'updated workshop <a href=\"/dah/web/app_dev.php/dah-admin/secure/workshop/edit/1\">some title</a>',1461850200),(341,8,'added new workshop <a href=\"/dah/web/app_dev.php/dah-admin/secure/workshop/edit/2\">new workshop</a>',1461850734),(342,8,'deleted workshop <a href=\"/dah/web/app_dev.php/dah-admin/secure/workshop/manage\">new workshop</a>',1461850880),(343,8,'deleted news <a href=\"/dah/web/app_dev.php/dah-admin/secure/news/manage\">الساحلية, بزمام تحرّك لمّ أن, كل جهة سقوط لإنعدام الإقتصادي. لان ثم عُقر الجو الدمج, كما ثم عالمية إستيلاء للأراضي, تصفح مكثّفة ايطاليا، عن كما. تم وقد كانتا يعادل, دار قد مكثّفة الشمال التغييرات, لعملة مقاطعة قد حيث.</a>',1461853976),(344,8,'updated workshop <a href=\"/dah/web/app_dev.php/dah-admin/secure/workshop/edit/1\">فصل عن دفّة وبعد, لم الى أكثر الأوروبيّون. ثمّة الجنود اليابانية ٣٠ أسر, حيث بـ الأرضية واشتدّت الشّعبين, قد أخذ لفشل لتقليعة. دول ما بفرض ا. إذ دون ماذا عجّل, حالية العالم للحكومة و الى. أصقاع البرية الأرضية عدم تم, فقد مكّن وهولن</a>',1461854610),(345,8,'updated question <a href=\"/dah/web/app_dev.php/dah-admin/secure/faqs/edit/30\"><p>عل بعض يقوم شرسة وأزيز. لكل كل مرمى للحكومة الواقعة, الا هو احداث معارضة اليابان،. أي ذلك فكان دأبوا اتفاق, أم فقامت تكاليف بالجانب مما. فقامت سليمان، بالتوقيع لكل عن. كان وترك شمال واُسدل عل, وبحلول بلديهما بالتوقيع عد إذ.و تكبّد الإحتفاظ, ف</p></a>',1461854720),(346,8,'updated question <a href=\"/dah/web/app_dev.php/dah-admin/secure/faqs/edit/29\"><p>بقصف وتزويده وصافرات غير ثم, وصغار العن. رئيس وأزيز الستار لم بحق. جيما شمال إعمار ان وتم. ثم غير أم المحيط بالإنزال, من بخطوط بمعارضة مكن. بـ الأهداف اليابانية حين, عدد إستيلاء واعتلاء أي, بـ أخذ مليون الصفحات. جُل والفرنسي الأبرياء ان.<br />\r\n&nbsp; &nbsp; &nbsp;&nbsp;</p></a>',1461854731),(347,8,'updated question <a href=\"/dah/web/app_dev.php/dah-admin/secure/faqs/edit/28\"><p>لاف.بقصف وتزويده وصافرات غير ثم, وبين ميناء محاولات الإحتفاظ, ٢٠٠٤ بتحدّي والعتاد أما و. غير أم المحيط بالإنزال, من بخطوط بمعارضة مكن. بـ الأهداف اليابانية حين, عدد إستيلاء واعتلاء أي, بـ أخذ مليون الصفحات. جُل والفرنسي الأبرياء ان.<br />\r\n&nbsp; &nbsp; &nbsp;&nbsp;</p></a>',1461854747),(348,8,'updated question <a href=\"/dah/web/app_dev.php/dah-admin/secure/faqs/edit/26\"><p>ن, كل جهة سقوط لإنعدام الإقتصادي. لان ثم عُقر الجو الدمج, كما ثم عالمية إستيلاء للأراضي, تصفح مكثّفة ايطاليا، عن كما. تم وقد كانتا يعادل, دار قد مكثّفة الشمال التغييرات, لعملة مقاطعة قد حيث. دفّة قدما للسيطرة هذه ان, قدما ومحاولة واندونيسيا، لها ما.</p></a>',1461854763),(349,8,'added question <a href=\"/dah/web/app_dev.php/dah-admin/secure/faqs/edit/31\">جهة أي هُزم فشكّل بالولايات. عل كان لغات استعملت, حالية ميناء الباهضة ٣٠ أخذ. وبعد لتقليعة الأثناء، تم مكن. لمّ ببعض فرنسا الساحل لم. فقد السيء الستار لبلجيكا، قد. حدى وبدون للصين عملية ثم</a>',1461854902),(350,8,'added question <a href=\"/dah/web/app_dev.php/dah-admin/secure/faqs/edit/32\">بحث ٣٠ حالية الكونجرس, كل قررت تنفّس هذه. ثم مشروط سنغافورة دار. ضرب لم وبغطاء الولايات, أساسي لهيمنة دول ٣٠. عن القوى النزاع الأوروبي الا, أساسي لإعادة الشهيرة مكن لم, سقوط وصافرات في الا. بـ استرجاع تشيكوسلوفاكيا غير, عن ذلك تونس ٢٠٠٤ بولندا</a>',1461854917),(351,8,'added question <a href=\"/dah/web/app_dev.php/dah-admin/secure/faqs/edit/33\">اأن وقامت الأسيوي انه, إيو أي جمعت بزمام. من ماذا الخارجية تشيكوسلوفاكيا يكن. تصفح الرئيسية ٣٠ وتم. كل وفي لهذه الأجل, وقد تصفح الصعداء بمحاولة انسبوعين أوراقهم الجنرال شيء عن, بالعمل اليميني ما انه. ثم نفس الإتفاقية الإقتصادية. و الحرة إعلان بحث</a>',1461854931),(352,8,'added question <a href=\"/dah/web/app_dev.php/dah-admin/secure/faqs/edit/34\">في فعل وسوء أطراف اليابانية. أكثر الستار قام بـ. نفس حاملات تكتيكاً استمرار عن. عن لكل قبضتهم الأولى محاولات, أم أضف ٠٨٠٤ مشارف, اتفاق ويتّفق لم الى. وحتّى مشروط كل حيث, أن الى بأيدي ليرتفع</a>',1461854949),(353,8,'changed status <a href=\"/dah/web/app_dev.php/dah-admin/secure/faqs/manage\">في فعل وسوء أطراف اليابانية. أكثر الستار قام بـ. نفس حاملات تكتيكاً استمرار عن. عن لكل قبضتهم الأولى محاولات, أم أضف ٠٨٠٤ مشارف, اتفاق ويتّفق لم الى. وحتّى مشروط كل حيث, أن الى بأيدي ليرتفع</a>  to <strong>inactive</strong> ',1461856200),(354,8,'changed status <a href=\"/dah/web/app_dev.php/dah-admin/secure/faqs/manage\">في فعل وسوء أطراف اليابانية. أكثر الستار قام بـ. نفس حاملات تكتيكاً استمرار عن. عن لكل قبضتهم الأولى محاولات, أم أضف ٠٨٠٤ مشارف, اتفاق ويتّفق لم الى. وحتّى مشروط كل حيث, أن الى بأيدي ليرتفع</a>  to <strong>active</strong> ',1461856208),(355,8,'changed status of user <a href=\"/dah/web/app_dev.php/dah-admin/secure/students/manage\">شمال الأوربيين</a>  to <strong>active</strong> ',1461859677),(356,8,'changed status of user <a href=\"/dah/web/app_dev.php/dah-admin/secure/students/manage\">شمال الأوربيين</a>  to <strong>inactive</strong> ',1461859679),(357,8,'changed status of user <a href=\"/dah/web/app_dev.php/dah-admin/secure/students/manage\">شمال الأوربيين</a>  to <strong>active</strong> ',1461859688),(358,8,'changed status <a href=\"/dah/web/app_dev.php/dah-admin/secure/faqs/manage\">اأن وقامت الأسيوي انه, إيو أي جمعت بزمام. من ماذا الخارجية تشيكوسلوفاكيا يكن. تصفح الرئيسية ٣٠ وتم. كل وفي لهذه الأجل, وقد تصفح الصعداء بمحاولة انسبوعين أوراقهم الجنرال شيء عن, بالعمل اليميني ما انه. ثم نفس الإتفاقية الإقتصادية. و الحرة إعلان بحث</a>  to <strong>inactive</strong> ',1461860850),(359,8,'Logged in from <strong>192.168.36.84</strong> .',1461913257),(360,8,'Logged Out from <strong>192.168.36.84</strong>.',1461913260),(361,8,'Logged in from <strong>192.168.36.37</strong> .',1461922129),(362,8,'Logged in from <strong>192.168.36.84</strong> .',1461922287),(363,8,'Logged Out from <strong>192.168.36.84</strong>.',1461922313),(364,8,'Logged in from <strong>192.168.36.37</strong> .',1461933164),(365,8,'updated workshop <a href=\"/dah/web/app_dev.php/dah-admin/secure/workshop/edit/1\">فصل عن دفّة وبعد, لم الى أكثر الأوروبيّون. ثمّة الجنود اليابانية ٣٠ أسر, حيث بـ الأرضية واشتدّت الشّعبين, قد أخذ لفشل لتقليعة. دول ما بفرض ا. إذ دون ماذا عجّل, حالية العالم للحكومة و الى. أصقاع البرية الأرضية عدم تم, فقد مكّن وهولن</a>',1461933180),(366,8,'added new news <a href=\"/dah/web/app_dev.php/dah-admin/secure/news/edit/36\">لشهير أي حين, أم غضون لتقليعة التكاليف بين, ثانية مدينة قتيل، في</a>',1461937716),(367,9,'Logged in from <strong>192.168.36.96</strong> .',1462172624),(368,9,'Logged in from <strong>192.168.36.96</strong> .',1462180793),(369,9,'added new workshop <a href=\"/dah/web/app_dev.php/dah-admin/secure/workshop/edit/3\">fggfg</a>',1462180824),(370,9,'deleted workshop <a href=\"/dah/web/app_dev.php/dah-admin/secure/workshop/manage\">fggfg</a>',1462180856),(371,9,'added new workshop <a href=\"/dah/web/app_dev.php/dah-admin/secure/workshop/edit/4\">sports</a>',1462181004),(372,9,'updated workshop <a href=\"/dah/web/app_dev.php/dah-admin/secure/workshop/edit/4\">sports</a>',1462181033),(373,9,'updated workshop <a href=\"/dah/web/app_dev.php/dah-admin/secure/workshop/edit/4\">sports</a>',1462181080),(374,9,'added new workshop <a href=\"/dah/web/app_dev.php/dah-admin/secure/workshop/edit/5\">gfnhgnfhgnfhg</a>',1462181101),(375,9,'updated workshop <a href=\"/dah/web/app_dev.php/dah-admin/secure/workshop/edit/5\">gfnhgnfhgnfhg</a>',1462181131),(376,9,'updated workshop <a href=\"/dah/web/app_dev.php/dah-admin/secure/workshop/edit/4\">sportssportssportssportssportssportssportssportssportssportssportssportssportssportssportssportssportssportssportssportssportssports</a>',1462181286),(377,9,'deleted workshop <a href=\"/dah/web/app_dev.php/dah-admin/secure/workshop/manage\">gfnhgnfhgnfhg</a>',1462181324),(378,9,'deleted workshop <a href=\"/dah/web/app_dev.php/dah-admin/secure/workshop/manage\">sportssportssportssportssportssportssportssportssportssportssportssportssportssportssportssportssportssportssportssportssportssports</a>',1462181329),(379,9,'added new workshop <a href=\"/dah/web/app_dev.php/dah-admin/secure/workshop/edit/6\">sports</a>',1462181378),(380,9,'updated workshop <a href=\"/dah/web/app_dev.php/dah-admin/secure/workshop/edit/6\">sports</a>',1462181446),(381,9,'updated workshop <a href=\"/dah/web/app_dev.php/dah-admin/secure/workshop/edit/6\">sports</a>',1462181460),(382,9,'updated workshop <a href=\"/dah/web/app_dev.php/dah-admin/secure/workshop/edit/6\">sports</a>',1462181587),(383,9,'updated workshop <a href=\"/dah/web/app_dev.php/dah-admin/secure/workshop/edit/6\">sports</a>',1462181667),(384,9,'updated workshop <a href=\"/dah/web/app_dev.php/dah-admin/secure/workshop/edit/6\">sports</a>',1462181684),(385,9,'updated workshop <a href=\"/dah/web/app_dev.php/dah-admin/secure/workshop/edit/6\">sports</a>',1462181738),(386,9,'Logged Out from <strong>192.168.36.96</strong>.',1462181755),(387,9,'Logged in from <strong>192.168.36.96</strong> .',1462181762),(388,9,'added new workshop <a href=\"/dah/web/app_dev.php/dah-admin/secure/workshop/edit/7\">cricket</a>',1462181840),(389,9,'added new workshop <a href=\"/dah/web/app_dev.php/dah-admin/secure/workshop/edit/8\">chemestry</a>',1462181857),(390,9,'added new workshop <a href=\"/dah/web/app_dev.php/dah-admin/secure/workshop/edit/9\">physics</a>',1462181876),(391,9,'added new workshop <a href=\"/dah/web/app_dev.php/dah-admin/secure/workshop/edit/10\">Testing</a>',1462182042),(392,9,'updated workshop <a href=\"/dah/web/app_dev.php/dah-admin/secure/workshop/edit/10\">Testing</a>',1462182080),(393,9,'added new workshop <a href=\"/dah/web/app_dev.php/dah-admin/secure/workshop/edit/11\">FVBFBDFG</a>',1462182155),(394,9,'added new workshop <a href=\"/dah/web/app_dev.php/dah-admin/secure/workshop/edit/12\">BGDFGNDGHNHG</a>',1462182161),(395,9,'added new workshop <a href=\"/dah/web/app_dev.php/dah-admin/secure/workshop/edit/13\">GBGBFSERGRSEG</a>',1462182172),(396,9,'added new workshop <a href=\"/dah/web/app_dev.php/dah-admin/secure/workshop/edit/14\">FBGRFTEWGTREG</a>',1462182178),(397,9,'added new workshop <a href=\"/dah/web/app_dev.php/dah-admin/secure/workshop/edit/15\">GGGGG</a>',1462182194),(398,9,'updated workshop <a href=\"/dah/web/app_dev.php/dah-admin/secure/workshop/edit/15\">GGGGG</a>',1462182212),(399,9,'updated workshop <a href=\"/dah/web/app_dev.php/dah-admin/secure/workshop/edit/15\">GGGGG</a>',1462182227),(400,9,'deleted workshop <a href=\"/dah/web/app_dev.php/dah-admin/secure/workshop/manage\">GGGGG</a>',1462182330),(401,9,'deleted workshop <a href=\"/dah/web/app_dev.php/dah-admin/secure/workshop/manage\">FBGRFTEWGTREG</a>',1462182509),(402,9,'deleted workshop <a href=\"/dah/web/app_dev.php/dah-admin/secure/workshop/manage\">GBGBFSERGRSEG</a>',1462182522),(403,9,'deleted workshop <a href=\"/dah/web/app_dev.php/dah-admin/secure/workshop/manage\">BGDFGNDGHNHG</a>',1462182974),(404,9,'deleted workshop <a href=\"/dah/web/app_dev.php/dah-admin/secure/workshop/manage\">FVBFBDFG</a>',1462182994),(405,9,'deleted workshop <a href=\"/dah/web/app_dev.php/dah-admin/secure/workshop/manage\">Testing</a>',1462183005),(406,9,'added new news <a href=\"/dah/web/app_dev.php/dah-admin/secure/news/edit/37\">IPL</a>',1462183572),(407,9,'added new news <a href=\"/dah/web/app_dev.php/dah-admin/secure/news/edit/38\">IPL CRICKET</a>',1462183711),(408,9,'added new workshop <a href=\"/dah/web/app_dev.php/dah-admin/secure/workshop/edit/16\">sports</a>',1462183801),(409,9,'updated workshop <a href=\"/dah/web/app_dev.php/dah-admin/secure/workshop/edit/16\">sports</a>',1462183819),(410,9,'updated workshop <a href=\"/dah/web/app_dev.php/dah-admin/secure/workshop/edit/16\">flower</a>',1462184022),(411,9,'updated workshop <a href=\"/dah/web/app_dev.php/dah-admin/secure/workshop/edit/16\">flower</a>',1462184068),(412,8,'added new workshop <a href=\"/dah/web/app_dev.php/dah-admin/secure/workshop/edit/17\">new workshop dgdfd</a>',1462184346),(413,8,'updated workshop <a href=\"/dah/web/app_dev.php/dah-admin/secure/workshop/edit/17\">new workshop dgdfd</a>',1462184464),(414,8,'updated workshop <a href=\"/dah/web/app_dev.php/dah-admin/secure/workshop/edit/17\">new workshop dgdfd</a>',1462184519),(415,9,'updated workshop <a href=\"/dah/web/app_dev.php/dah-admin/secure/workshop/edit/16\">flower</a>',1462185300),(416,9,'updated workshop <a href=\"/dah/web/app_dev.php/dah-admin/secure/workshop/edit/17\">new workshop dgdfd</a>',1462185493),(417,9,'updated workshop <a href=\"/dah/web/app_dev.php/dah-admin/secure/workshop/edit/17\">new workshop dgdfd</a>',1462185536),(418,9,'deleted workshop <a href=\"/dah/web/app_dev.php/dah-admin/secure/workshop/manage\">new workshop dgdfd</a>',1462185718),(419,9,'added new news <a href=\"/dah/web/app_dev.php/dah-admin/secure/news/edit/39\">IPL6</a>',1462185894),(420,9,'added new workshop <a href=\"/dah/web/app_dev.php/dah-admin/secure/workshop/edit/18\">hgfnh</a>',1462186105),(421,9,'updated workshop <a href=\"/dah/web/app_dev.php/dah-admin/secure/workshop/edit/18\">hgfnhdfgbhfhbgdfdfdfdfdfdfdfdfdfdfdfdfdfdfdfdfdfdfdfdfdfdfdfdfdfdfdfdfdfdfdfdfdfdfdfdfdfdfdfdfdfdfdfdfdfdfdfdfdfdfdfdfdfdfdfdfdfdfdfdfdfdfhngfn</a>',1462186138),(422,9,'deleted workshop <a href=\"/dah/web/app_dev.php/dah-admin/secure/workshop/manage\">hgfnhdfgbhfhbgdfdfdfdfdfdfdfdfdfdfdfdfdfdfdfdfdfdfdfdfdfdfdfdfdfdfdfdfdfdfdfdfdfdfdfdfdfdfdfdfdfdfdfdfdfdfdfdfdfdfdfdfdfdfdfdfdfdfdfdfdfdfhngfn</a>',1462186161),(423,9,'added new workshop <a href=\"/dah/web/app_dev.php/dah-admin/secure/workshop/edit/19\">.net</a>',1462186189),(424,9,'updated workshop <a href=\"/dah/web/app_dev.php/dah-admin/secure/workshop/edit/19\">.net</a>',1462186209),(425,9,'updated workshop <a href=\"/dah/web/app_dev.php/dah-admin/secure/workshop/edit/19\">.net</a>',1462187130),(426,9,'added new workshop <a href=\"/dah/web/app_dev.php/dah-admin/secure/workshop/edit/20\">hgmjghffffffffffffffffffffghjfgfgfgfgfgfgfgfgfgfgfgfgfgfgfgfgfgfgfgfgfgfgfgfgfgfgfgfgfgfgfgfgfgfgfgfgfgfgfgfgfgfgfgfgfgfgfgfgfgfgfgfgfgfgfg</a>',1462187927),(427,9,'deleted workshop <a href=\"/dah/web/app_dev.php/dah-admin/secure/workshop/manage\">hgmjghffffffffffffffffffffghjfgfgfgfgfgfgfgfgfgfgfgfgfgfgfgfgfgfgfgfgfgfgfgfgfgfgfgfgfgfgfgfgfgfgfgfgfgfgfgfgfgfgfgfgfgfgfgfgfgfgfgfgfgfgfg</a>',1462188157),(428,9,'updated news <a href=\"/dah/web/app_dev.php/dah-admin/secure/news/edit/39\">IPL6</a>',1462188506),(429,9,'added new news <a href=\"/dah/web/app_dev.php/dah-admin/secure/news/edit/40\">Times of India</a>',1462188883),(430,9,'updated news <a href=\"/dah/web/app_dev.php/dah-admin/secure/news/edit/40\">Times of India</a>',1462189410),(431,9,'updated news <a href=\"/dah/web/app_dev.php/dah-admin/secure/news/edit/40\">Times of India</a>',1462189498),(432,9,'added new workshop <a href=\"/dah/web/app_dev.php/dah-admin/secure/workshop/edit/21\">fgxvnfghnjmfghmkmkmkmkmkmkmkmkmkmkmkmkmkmkmkmkmkmkmkmkmkmkmkmkmkmkmkmkmkmkmkmkmkmkmkmkmkmkmkmkmkmkmkmkmkmkmkmkmkmkmkmkmkmkmkmkmkmkmk</a>',1462189611),(433,9,'updated workshop <a href=\"/dah/web/app_dev.php/dah-admin/secure/workshop/edit/21\">fgxvnfghnjmfghmkmkmkmkmkmkmkmkmkmkmkmkmkmkmkmkmkmkmkmkmkmkmkmkmkmkmkmkmkmkmkmkmkmkmkmkmkmkmkmkmkmkmkmkmkmkmkmkmkmkmkmkmkmkmkmkmkmkmk</a>',1462189800),(434,9,'updated workshop <a href=\"/dah/web/app_dev.php/dah-admin/secure/workshop/edit/21\">fgxvnfghnjmfghmkmkmkmkmkmkmkmkmkmkmkmkmkmkmkmkmkmkmkmkmkmkmkmkmkmkmkmkmkmkmkmkmkmkmkmkmkmkmkmkmkmkmkmkmkmkmkmkmkmkmkmkmkmkmkmkmkmkmk</a>',1462191816),(435,9,'updated workshop <a href=\"/dah/web/app_dev.php/dah-admin/secure/workshop/edit/21\">fgxvnfghnjmfghmkmkmkmkmkmkmkmkmkmkmkmkmkmkmkmkmkmkmkmkmkmkmkmkmkmkmkmkmkmkmkmkmkmkmkmkmkmkmkmkmkmkmkmkmkmkmkmkmkmkmkmkmkmkmkmkmkmkmk</a>',1462192315),(436,9,'updated workshop <a href=\"/dah/web/app_dev.php/dah-admin/secure/workshop/edit/21\">fgxvnfghnjmfghmkmkmkmkmkmkmkmkmkmkmkmkmkmkmkmkmkmkmkmkmkmkmkmkmkmkmkmkmkmkmkmkmkmkmkmkmkmkmkmkmkmkmkmkmkmkmkmkmkmkmkmkmkmkmkmkmkmkmk</a>',1462192395),(437,9,'updated workshop <a href=\"/dah/web/app_dev.php/dah-admin/secure/workshop/edit/21\">fgxvnfghnjmfghmkmkmkmkmkmkmkmkmkmkmkmkmkmkmkmkmkmkmkmkmkmkmkmkmkmkmkmkmkmkmkmkmkmkmkmkmkmkmkmkmkmkmmjmhj,hjm,kh,kmkmkmkmkmkmkmkmkmkmkmkmkmkmkmkmk</a>',1462192843),(438,9,'Logged in from <strong>192.168.36.96</strong> .',1462256334),(439,9,'deleted news <a href=\"/dah/web/app_dev.php/dah-admin/secure/news/manage\">Times of India</a>',1462256552),(440,9,'deleted news <a href=\"/dah/web/app_dev.php/dah-admin/secure/news/manage\">IPL6</a>',1462256555),(441,9,'deleted news <a href=\"/dah/web/app_dev.php/dah-admin/secure/news/manage\">IPL CRICKET</a>',1462256561),(442,9,'deleted news <a href=\"/dah/web/app_dev.php/dah-admin/secure/news/manage\">IPL</a>',1462256564),(443,9,'added new news <a href=\"/dah/web/app_dev.php/dah-admin/secure/news/edit/41\">تعلم آلة</a>',1462257425),(444,9,'deleted workshop <a href=\"/dah/web/app_dev.php/dah-admin/secure/workshop/manage\">fgxvnfghnjmfghmkmkmkmkmkmkmkmk ...</a>',1462257607),(445,9,'updated workshop <a href=\"/dah/web/app_dev.php/dah-admin/secure/workshop/edit/1\">الذكية الحل حماية تقلد</a>',1462258192),(446,9,'added new workshop <a href=\"/dah/web/app_dev.php/dah-admin/secure/workshop/edit/22\">الذكية الحل حماية تقلد</a>',1462258380),(447,9,'deleted workshop <a href=\"/dah/web/app_dev.php/dah-admin/secure/workshop/manage\">.net</a>',1462258416),(448,9,'updated workshop <a href=\"/dah/web/app_dev.php/dah-admin/secure/workshop/edit/16\">الرائدة في الصناعة في العالم الحقيقي</a>',1462258453),(449,9,'deleted workshop <a href=\"/dah/web/app_dev.php/dah-admin/secure/workshop/manage\">الرائدة في الصناعة في العالم ا ...</a>',1462258483),(450,9,'updated workshop <a href=\"/dah/web/app_dev.php/dah-admin/secure/workshop/edit/9\">الفرص في التعليم العالي</a>',1462258671),(451,9,'updated workshop <a href=\"/dah/web/app_dev.php/dah-admin/secure/workshop/edit/9\">الفرص في التعليم العالي</a>',1462258690),(452,9,'updated workshop <a href=\"/dah/web/app_dev.php/dah-admin/secure/workshop/edit/8\">تطبيقات إلكترونيات القوى للطاقة المتجددة</a>',1462259011),(453,9,'updated workshop <a href=\"/dah/web/app_dev.php/dah-admin/secure/workshop/edit/8\">تطبيقات إلكترونيات القوى للطاقة المتجددة</a>',1462259078),(454,9,'updated workshop <a href=\"/dah/web/app_dev.php/dah-admin/secure/workshop/edit/7\">نظم الطاقة الشمسية الكهروضوئية والمناطق بانخراطها</a>',1462259346),(455,9,'updated workshop <a href=\"/dah/web/app_dev.php/dah-admin/secure/workshop/edit/6\">الروبوتات</a>',1462259585),(456,9,'added new workshop <a href=\"/dah/web/app_dev.php/dah-admin/secure/workshop/edit/23\">الاتجاهات الناشئة في مجال التكنولوجيا الخضراء</a>',1462261585),(457,9,'changed Subscriber <a href=\"/dah/web/app_dev.php/dah-admin/secure/subscribers\">praveenreddy.govind@gmail.com</a> status changed to <strong>Subscribed</strong> ',1462261715),(458,9,'changed Subscriber <a href=\"/dah/web/app_dev.php/dah-admin/secure/subscribers\">mishraparthasarathi9@gmail.com</a> status changed to <strong>Un subscribed</strong> ',1462261723),(459,9,'changed Subscriber <a href=\"/dah/web/app_dev.php/dah-admin/secure/subscribers\">mishraparthasarathi9@gmail.com</a> status changed to <strong>Subscribed</strong> ',1462261736),(460,9,'updated question <a href=\"/dah/web/app_dev.php/dah-admin/secure/faqs/edit/34\">في فعل وسوء أطراف اليابانية. أكثر الستار قام بـ. نفس حاملات تكتيكاً استمرار عن. عن لكل قبضتهم الأولى محاولات, أم أضف ٠٨٠٤ مشارف, اتفاق ويتّفق لم الى. وحتّى مشروط كل حيث, أن الى بأيدي ليرتفع</a>',1462266082),(461,9,'added question <a href=\"/dah/web/app_dev.php/dah-admin/secure/faqs/edit/35\">ما هو هيكل البرنامج بيركلي ماجستير في إدارة الأعمال ؟ كم من الوقت تستغرق؟</a>',1462266122),(462,9,'added question <a href=\"/dah/web/app_dev.php/dah-admin/secure/faqs/edit/36\">ما هي أفضل طريقة بالنسبة لي للتعرف على برنامج بيركلي ماجستير في إدارة الأعمال ؟</a>',1462266221),(463,9,'added question <a href=\"/dah/web/app_dev.php/dah-admin/secure/faqs/edit/37\">هل من الممكن أن تؤجل بعد أن اعترف ل هذا البرنامج؟</a>',1462266512),(464,9,'added question <a href=\"/dah/web/app_dev.php/dah-admin/secure/faqs/edit/38\">ما هي بعض السمات الخاصة برنامجك؟</a>',1462266649),(465,9,'added question <a href=\"/dah/web/app_dev.php/dah-admin/secure/faqs/edit/39\">ما هو بدوام كامل التنسيب RECORD ؟</a>',1462266880),(466,9,'updated question <a href=\"/dah/web/app_dev.php/dah-admin/secure/faqs/edit/39\">ما هو بدوام كامل التنسيب RECORD ؟</a>',1462266917),(467,9,'changed status <a href=\"/dah/web/app_dev.php/dah-admin/secure/faqs/manage\">ما هو بدوام كامل التنسيب RECORD ؟</a>  to <strong>inactive</strong> ',1462266937),(468,9,'changed status <a href=\"/dah/web/app_dev.php/dah-admin/secure/faqs/manage\">ما هو بدوام كامل التنسيب RECORD ؟</a>  to <strong>active</strong> ',1462266951),(469,9,'added question <a href=\"/dah/web/app_dev.php/dah-admin/secure/faqs/edit/40\">هل توجد أي منح دراسية أو مواقف خريج مساعد المتاحة ؟</a>',1462267056),(470,9,'added question <a href=\"/dah/web/app_dev.php/dah-admin/secure/faqs/edit/41\">هي نتائج فرص التدريب / CO -OP المتاحة ؟</a>',1462267266),(471,9,'changed status <a href=\"/dah/web/app_dev.php/dah-admin/secure/faqs/manage\">اأن وقامت الأسيوي انه, إيو أي جمعت بزمام. من ماذا الخارجية تشيكوسلوفاكيا يكن. تصفح الرئيسية ٣٠ وتم. كل وفي لهذه الأجل, وقد تصفح الصعداء بمحاولة انسبوعين أوراقهم الجنرال شيء عن, بالعمل اليميني ما انه. ثم نفس الإتفاقية الإقتصادية. و الحرة إعلان بحث</a>  to <strong>active</strong> ',1462267419),(472,9,'added new workshop <a href=\"/dah/web/app_dev.php/dah-admin/secure/workshop/edit/24\">nbhngh</a>',1462268249),(473,9,'deleted department <a href=\"/dah/web/app_dev.php/dah-admin/secure/departments\">تجارة</a>',1462268260),(474,9,'added department <a href=\"/dah/web/app_dev.php/dah-admin/secure/departments\">تجارة</a>',1462268286),(475,9,'added new workshop <a href=\"/dah/web/app_dev.php/dah-admin/secure/workshop/edit/25\">jghjk</a>',1462268335),(476,9,'deleted department <a href=\"/dah/web/app_dev.php/dah-admin/secure/departments\">تكنولوجيا المعلومات</a>',1462268357),(477,9,'added department <a href=\"/dah/web/app_dev.php/dah-admin/secure/departments\">تكنولوجيا المعلومات</a>',1462268378),(478,8,'Logged in from <strong>192.168.36.37</strong> .',1462271123),(479,8,'changed status of user <a href=\"/dah/web/app_dev.php/dah-admin/secure/students/manage\">Sailesh Reddy</a>  to <strong>active</strong> ',1462271168),(480,8,'Logged in from <strong>192.168.36.37</strong> .',1462271217),(481,9,'Logged in from <strong>192.168.36.96</strong> .',1462283650),(482,8,'Logged in from <strong>192.168.36.37</strong> .',1462284226),(483,9,'Logged in from <strong>192.168.36.96</strong> .',1462341354),(484,9,'has changed the settings.',1462341507),(485,9,'Logged Out from <strong>192.168.36.96</strong>.',1462341519),(486,9,'Logged in from <strong>192.168.36.96</strong> .',1462341538),(487,8,'Logged in from <strong>127.0.0.1</strong> .',1462343878),(488,9,'Logged in from <strong>192.168.36.96</strong> .',1462348150),(489,9,'Logged Out from <strong>192.168.36.96</strong>.',1462356332),(490,9,'Logged in from <strong>192.168.36.96</strong> .',1462360050),(491,9,'has changed the settings.',1462360077),(492,9,'has changed his password.',1462360100),(493,9,'Logged Out from <strong>192.168.36.96</strong>.',1462360303),(494,9,'Logged in from <strong>192.168.36.96</strong> .',1462360568),(495,8,'Logged in from <strong>192.168.36.30</strong> .',1462463675),(496,8,'Logged in from <strong>192.168.36.30</strong> .',1462546839),(497,8,'updated student <a href=\"/dah/web/app_dev.php/dah-admin/secure/students/edit/73\">Sailesh</a>',1462547544),(498,8,'Logged in from <strong>192.168.36.37</strong> .',1462789109),(499,8,'updated workshop <a href=\"/dah/web/app_dev.php/dah-admin/secure/workshop/edit/23\">الاتجاهات الناشئة في مجال التكنولوجيا الخضراء</a>',1462789153),(500,8,'updated workshop <a href=\"/dah/web/app_dev.php/dah-admin/secure/workshop/edit/9\">الفرص في التعليم العالي</a>',1462789202),(501,8,'updated workshop <a href=\"/dah/web/app_dev.php/dah-admin/secure/workshop/edit/9\">الفرص في التعليم العالي</a>',1462789567),(502,8,'updated workshop <a href=\"/dah/web/app_dev.php/dah-admin/secure/workshop/edit/9\">الفرص في التعليم العالي</a>',1462790442),(503,9,'Logged in from <strong>192.168.36.96</strong> .',1462951338),(504,8,'Logged in from <strong>192.168.36.37</strong> .',1462982260),(505,9,'Logged in from <strong>192.168.36.96</strong> .',1463044043),(506,9,'Logged Out from <strong>192.168.36.96</strong>.',1463044111),(507,9,'Logged in from <strong>192.168.36.96</strong> .',1463045683),(508,9,'added department <a href=\"/dah/web/app_dev.php/dah-admin/secure/departments\">psmishra</a>',1463045700),(509,9,'deleted department <a href=\"/dah/web/app_dev.php/dah-admin/secure/departments\">psmishra</a>',1463045717),(510,8,'Logged in from <strong>192.168.36.37</strong> .',1463071398);

/*Table structure for table `dah_admin` */

DROP TABLE IF EXISTS `dah_admin`;

CREATE TABLE `dah_admin` (
  `adminid` bigint(12) unsigned NOT NULL AUTO_INCREMENT,
  `username` varchar(50) DEFAULT NULL,
  `email` varchar(200) DEFAULT NULL,
  `password` varchar(150) DEFAULT NULL,
  `salt` varchar(150) DEFAULT NULL,
  `name` varchar(150) DEFAULT NULL,
  `lastlogin` bigint(12) DEFAULT NULL,
  `lastlogin_ip` varchar(30) DEFAULT NULL,
  `created_on` bigint(12) DEFAULT NULL,
  `updated_on` bigint(12) DEFAULT NULL,
  `status` enum('active','inactive') DEFAULT 'active',
  `default_admin` enum('yes','no') DEFAULT 'no',
  PRIMARY KEY (`adminid`)
) ENGINE=InnoDB AUTO_INCREMENT=10 DEFAULT CHARSET=utf8;

/*Data for the table `dah_admin` */

insert  into `dah_admin`(`adminid`,`username`,`email`,`password`,`salt`,`name`,`lastlogin`,`lastlogin_ip`,`created_on`,`updated_on`,`status`,`default_admin`) values (7,'psmishra123','upendramanve@gmail.com','$2y$12$91e39d8a717c56b752d54uFD6sirzLrqHQTgXSYhW2XkAXmapNc5O','91e39d8a717c56b752d541e01771b89b',NULL,1461135355,'192.168.36.43',NULL,1461075080,'active','no'),(8,'administrator','upendrakumar@cestechservices.com','$2y$12$1c0c74ef3aca351018281u6uj.uEPoy.Y2GxpG86D/F2.8l2pEV1.','1c0c74ef3aca3510182815bda344bcd6',NULL,1463071398,'192.168.36.37',NULL,1461074630,'active','no'),(9,'tester','mishraparthasarathi9@gmail.com','$2y$12$77c3f16209fd4e2379837O/1YMpoo56pMTjm78eIqRm0Ip4EzDD0q','77c3f16209fd4e2379837b86a67f63d8',NULL,1463045683,'192.168.36.96',NULL,1462360077,'active','no');

/*Table structure for table `dah_content_pages` */

DROP TABLE IF EXISTS `dah_content_pages`;

CREATE TABLE `dah_content_pages` (
  `pageid` int(11) NOT NULL AUTO_INCREMENT,
  `page_name` varchar(100) DEFAULT NULL,
  `page_title` varchar(250) DEFAULT NULL,
  `page_url` varchar(100) DEFAULT NULL,
  `page_subtitle` varchar(250) DEFAULT NULL,
  `page_content` longtext,
  `page_image` varchar(50) DEFAULT NULL,
  `page_meta_title` varchar(250) DEFAULT NULL,
  `page_meta_keyword` varchar(250) DEFAULT NULL,
  `page_meta_description` varchar(250) DEFAULT NULL,
  `added_on` int(11) DEFAULT NULL,
  `updated_on` int(11) DEFAULT NULL,
  PRIMARY KEY (`pageid`)
) ENGINE=InnoDB AUTO_INCREMENT=60 DEFAULT CHARSET=utf8;

/*Data for the table `dah_content_pages` */

insert  into `dah_content_pages`(`pageid`,`page_name`,`page_title`,`page_url`,`page_subtitle`,`page_content`,`page_image`,`page_meta_title`,`page_meta_keyword`,`page_meta_description`,`added_on`,`updated_on`) values (51,'about us','About Us','about-us','تم لغات أمام يتم, أراض واُسدل مسؤولية فقد من. لكون اليها كما كل. ثم غرّة، وباءت ذات. قد تونس وتنصيب غير, عدم اتفاق النفط تشيكوسلوفاكيا لم.','<p><strong>مركز المعلم القدوة</strong></p><p>لتدريب وتطوير المعلمات و القيادات المدرسية</p><p><strong>بعض ماسجلته المعلمات عن برنامج المعلم القدوة 1437هـ</strong></p><p><strong>&nbsp;</strong>1-&nbsp;&nbsp;&nbsp; من اللقاء الأول، شعرت بقيمتي ومكانتي شعرت أنني إنسانة مهمة وشعرت بعظم المسؤولية على عاتقي&nbsp;، اللقاء الأول خرجت منه وقدمي لا تلامس الأرض من السعادة والفخر بذاتي&nbsp;، أشعل لقاء اليوم الأول الحماس بداخلي، وعندما رأيت بناتي كانت السعادة تملأ قلبي وكنت أنظرلأعينهن وأنا أشرح وانا أحلم معهن كم مبدعة وكم مميزة سوف تخرج من تحت يدي ؟ كنت فخورة بذاتي وزاد شعوري بالمسؤولية.</p><p>2-&nbsp;&nbsp;&nbsp; حضوري للمحاضرة أثر عليّ من اليوم الأول وفي كل مرة يزيد لدي الدافعية للتغيير كما أن البرنامج وجه &nbsp;نظري إلى بعض النقاط التي لم أنتبه &nbsp;إليها &nbsp;سابقاً مثلا الدعم النفسي للطالبات حتي لغير المتفوقات، وإن فشلت في مجال فهناك مجالات أخرى.</p><p>3-&nbsp;&nbsp;&nbsp; ولله الحمد وجدت الكثير من المعارف وأكتسبت العديد من المهارات التي أعانتني على أداء مهنتي وتحقيق رسالتي.</p><p>4-&nbsp;&nbsp;&nbsp; باختصار أطلقت يا أستاذتي العملاق الذي بداخلي، أشعر بطاقة عالية كبيرة سأستخدمها في رقي طالباتي لأني لم أعد أطمح بالقليل.</p><p>5-&nbsp;&nbsp;&nbsp; لقد استفدت كثيرا وأثريت معلوماتي وأنا في كل مرة أنقل هذه المعلومات وأطبق معهن ماتعلمت ... والله... ثم والله بدأ عدد الطالبات في تزايد في حصص الريادة حتي وصل عدد الطالبات في قسم الريادة لدي 43 طالبة ... كما أن الطالبات في مختلف المراحل الثانوية بالصف الثالث العلمي والأدبي يطلبن مني تطبيق ماأعطيه لطالبات الصف الثاني، وعلى الرغم من أن المادة جديدة إلا أنها ممتعة، واستطعت أن أغير مفاهيم الطالبات، فأصبحن ينتظرن موعد حصص مادة المهارات التطبيقية.</p><p>6-&nbsp;&nbsp;&nbsp; أشكركم جدا جدا جدا بلا نهاية، اسأل الله أن يكتب أجركم واستمروا ولا تتوقفوا فأثركم رائع.</p><p>7-&nbsp;&nbsp;&nbsp; البرنامج إيجابي لأبعد الحدود، أنا أحضره للمرة الثالثة، برنامج يبث روح الحماس ويمضي قدما في إدارة المعلمة العظيمة.</p><p>8-&nbsp;&nbsp;&nbsp; أتمني أن يكون هذا البرنامج إجباريا لكل معلمة؛ لما أرى في هذا البرنامج من نجاح واستفادة كبيرة.</p><p>9-&nbsp;&nbsp;&nbsp; إيجابيات البرنامج كثيرة، نشكر دوركم المجتمعي الرائد. وأرجو تكرار البرنامج ليشمل عددا أكبر من المعلمات.</p><p>10-&nbsp;&nbsp;&nbsp;&nbsp;&nbsp;&nbsp;&nbsp;&nbsp;&nbsp;&nbsp;&nbsp;&nbsp;&nbsp;&nbsp;&nbsp;&nbsp;&nbsp;&nbsp;&nbsp;&nbsp;&nbsp;&nbsp; تغيرت 180 درجة ، البرنامج رائع رائع.</p><p>11-&nbsp;&nbsp;&nbsp;&nbsp;&nbsp;&nbsp;&nbsp;&nbsp;&nbsp;&nbsp;&nbsp;&nbsp;&nbsp;&nbsp;&nbsp;&nbsp;&nbsp;&nbsp;&nbsp;&nbsp;&nbsp;&nbsp; البرنامج رائع وأضاف إلينا كثيرا من التغييرات والعطاء والثقة. أشكرلكل من ساهم في هذا البرنامج.</p><p>12-&nbsp;&nbsp;&nbsp;&nbsp;&nbsp;&nbsp;&nbsp;&nbsp;&nbsp;&nbsp;&nbsp;&nbsp;&nbsp;&nbsp;&nbsp;&nbsp;&nbsp;&nbsp;&nbsp;&nbsp;&nbsp;&nbsp; كان للمعلم القدوةأاثر كبير في تعزيز ما بداخلي من سلوكيات في تعاملي مع من حولي في المجتمع بوجه العموم وفي التعليم بوجه الخصوص.</p><p>13-&nbsp;&nbsp;&nbsp;&nbsp;&nbsp;&nbsp;&nbsp;&nbsp;&nbsp;&nbsp;&nbsp;&nbsp;&nbsp;&nbsp;&nbsp;&nbsp;&nbsp;&nbsp;&nbsp;&nbsp;&nbsp;&nbsp; أصريت على الحضور لشدة روعة وجمال وفخامة الاستعداد للبرنامج فشكرا لكم من الأعماق</p><p><strong>نبذة مختصرة عن المركز</strong></p><p><strong>&nbsp;</strong>مركز المعلم القدوة هو المركز الجامعي الأول&nbsp;غير الربحي الذي يعني بتدريب وتطوير القيادات المدرسية ( المدراء- &nbsp;المعلمين - والمشرفبن ). ويسعى المركز لتطوير المعلمين ومدراء التعليم العام، وتنميتهم مهنيا، وذلك بتهيئة بيئة تطوير وتدريب متطورة. يستخدم فيها أحدث البرامج ووسائل التدريب في مجال التعليم والقيادة التربوية النظرية والتطبيقية، ومواكبة الجديد في تلك البرامج والوسائل واعتمادها، سعيا منه إلى تمكين المتدربين من أداء رسالتهم بمهنية وكفاءة عالية، وإعداد جيل قادرعلى بناء مجتمعه، مع الحفاظ على قيمه الدينية وهويته الحضارية.</p><p><strong>رؤية المركز</strong><strong> </strong></p><p>تأهيل معلم العصر لإعداد جيل واعد.</p><p><strong>رسالة المركز </strong></p><p><strong>&nbsp;</strong>توفير بيئة تطوير وتدريب متطورة ومتكاملة تسهم في بناء وتأهيل معلمي العصر ومدراء التعليم، وتمكينهم من أداء رسالتهم &nbsp;السامية.</p><p><strong>أهداف البرامج التي يقدمها المركز</strong><strong> </strong></p><p><strong>&nbsp;</strong>&middot;&nbsp;&nbsp;&nbsp;&nbsp;&nbsp;&nbsp;&nbsp;&nbsp; تعميق سمو الرسالة التعليمية التي يشترك فيها جميع الشركاء .</p><p><strong>&middot;&nbsp;&nbsp;&nbsp;&nbsp;&nbsp;&nbsp;&nbsp;&nbsp; </strong>إعداد&nbsp; معلم محفزومرشد للعقول، لا مُلقن للمعرفة.</p><p>&middot;&nbsp;&nbsp;&nbsp;&nbsp;&nbsp;&nbsp;&nbsp;&nbsp; تزويد المتدربين بالمهارات الحياتية، المتفرعة من العلوم التي يدرسها، و الاستفادة من المخرجات الثقافية والتعليمية التي لها دور في تحسين حياته الاجتماعية.</p><p>&middot;&nbsp;&nbsp;&nbsp;&nbsp;&nbsp;&nbsp;&nbsp;&nbsp; تطوير مهارات التعليم التكنلوجي، وكيفية الاستفادة منها في تفعيل الرسالة التعليمية.</p><p>&middot;&nbsp;&nbsp;&nbsp;&nbsp;&nbsp;&nbsp;&nbsp;&nbsp; مساعدة المتدرب على التعرف على مصادر المعرفة المتعلقة بميوله واختصاصاته.</p><p>&middot;&nbsp;&nbsp;&nbsp;&nbsp;&nbsp;&nbsp;&nbsp;&nbsp; تزويد المتدرب بالأساليب التربوية الصحيحة لسدّ الفجوة بين الطالب والمعلم،والإدارة .</p><p><strong>المستفيدون من التدريب</strong><strong> </strong><strong>والتطوير</strong></p><p>كل فئة معنية بالتعليم العام (المعلم، والمدير، والمشرفون بكافة تخصصاتهم من داخل المدرسة وخارجها، وأمين المكتبة ومساعدوه ).</p><p>&nbsp;</p>','','','','',1461043094,1461225076),(55,'home','جامعة دار الحكمة','home','جامعة دار الحكمة','<p>لدحر إبّان أم ولم. تحرّك وانهاء العصبة لها أي, و الأراضي الأوربيين بريطانيا، حين. أي دار الأسيوي البولندي. عن ارتكبها اليميني العالمية يتم. ما سليمان، بمعارضة يتم. ما بهيئة العاصمة كلّ, به، إذ مارد الدمج إيطاليا.</p><p>أملاً الفترة ذات أم, من مدينة الصفحة بتخصيص كان. أن أحدث انتصارهم لبولندا، حتى, على و الأرضية للأراضي. هنا؟ ماليزيا، قد جُل, ما خيار إيطاليا قام. تحت وحتّى ويتّفق الواقعة لم. فعل أحكم الجنوب الخاسرة أي, كل لفرنسا اتفاقية لكل, لم حتى خيار أطراف.</p><p>هذا كل الشتوية اقتصادية, قد كردة الطرفين وفي. ولم عقبت وحتّى وبالتحديد، لم, كان كل كُلفة المؤلّفة. أسيا بالجانب واشتدّت أي قبل, ان أحكم اللازمة عرض, غضون الساحة بـ دنو. ثانية إحكام ٣٠ الى, في كلّ بوابة احداث الأمور, كلا رجوعهم المعاهدات من.</p><p>يتسنّى المزيفة إذ تحت, و وصغار لأداء اليابان، ذلك. كل الشطر وقدّموا أسر, أفاق الأعمال ومطالبة تحت أم. لها الثقيل ألمانيا و. وبدون الخاسر حين مع. والتي الإطلاق عدد بل, عل عرض مدينة هاربر بالحرب. الجوي بالجانب لم جهة. السادس ألمانيا عسكرياً ثم عدد, تطوير أثره، الدّفاع وقد أم.</p><p>لدحر لهيمنة المتّبعة لم ضرب. في خطّة والديون بين, تم قبل قتيل، القوى واندونيسيا،. هو ومن حاملات الخارجية ويكيبيديا, قد قام قبضتهم اكتوبر لبلجيكا،. في ٢٠٠٤ التخطيط تعد, كردة لفرنسا ألمانيا من شيء. يكن ٢٠٠٤ القوى مع, يعبأ أوزار ٣٠ هذه. كلّ مع تاريخ أفريقيا, مرجع أخرى بين لم.</p><p>قررت أوراقهم عن عرض, عدم ماذا ا هو, الأثنان التقليدي المتاخمة أسر في. الا وإعلان استرجاع باستحداث قد, بتحدّي إيطاليا الأوروبية جهة إذ, أما أن جدول وانتهاءً الأثناء،. من العناد الشرقية كما. هذا بل للمجهود اتفاقية.</p><p>علاقة بالرّد للسيطرة حتى مع, أم قام الضغوط اوروبا. انتباه للمجهود الأرضية بـ عدد, تم على جديدة بقيادة. ودول لعملة الشمال أسر مع, حتى بـ بهيئة الثقيلة. بل لمّ مشارف لعملة للمجهود, بل تصرّف لبولندا، الإقتصادي قبل. كان هو كردة والعتاد ويكيبيديا،, يكن لعملة إيطاليا التّحول إذ, ومن مع اكتوبر وإيطالي الشّعبين. مكن كل الدمج اللازمة, مشروط والكساد لم دول, مما من خطّة إحكام الشتاء،.</p><p>ضرب بالفشل الأمريكي هو, معارضة بالتوقيع استطاعوا قد الى, اليها الربيع، فعل من. دنو ان صفحة مليون الثقيل, أسيا العدّ أم جُل. لم ذات احداث العالمي, فقد سقطت فمرّ و. تحرّك أوراقهم تم تعد.</p><p>أي بالجانب استرجاع لان. جنوب ٢٠٠٤ المتّبعة بين بل, حول تم فشكّل والحزب, في حين وبعض احداث. ولم أن وكسبت وسمّيت, العظمى استطاعوا حيث في. ان ضمنها الصعداء فعل, الآخر الجنود لم دول. و أسر تمهيد إيطاليا شموليةً.</p><p>حدى العالم اليابانية ولكسمبورغ بل, السبب ومحاولة حول إذ. جيما العدّ الشرقية قام بل, جدول سابق والنفيس و شيء. أخذ عن شرسة وإقامة. في بها فشكّل الآلاف الاندونيسية, لعملة بمحاولة حول كل. تكبّد المضي المتساقطة، كل دنو, العسكري التخطيط حول قد. هو تشكيل المتحدة اليابان، بحق, حكومة واتّجه الرئيسية مع حين.</p>','c4a7d0a749b842b61f5f9b8b44684fc8.jpg','','','',1461064775,1461075801),(56,'terms of condition','رّد للسيطرة حتى مع, أم قام','terms-of-condition','يمنة بـ قام, وبحلول الخاصّ','<p>ية ويكيبيديا, قد قام قبضتهم اكتوبر لبلجيكا،. في ٢٠٠٤ التخطيط تعد, كردة لفرنسا ألمانيا من شيء. يكن ٢٠٠</p><p>العالمية يتم. ما سليمان، بمعارضة يتم. ما بهيئة العاصمة كلّ, به، إذ مارد الدمج إيطاليا.</p><p>أملاً الفترة ذات أم, من مدينة الصفحة بتخصيص كان. أن أحدث انتصارهم لبولندا، حتى, على و الأرضية للأراضي. هنا؟ ماليزيا، قد جُل, ما خيار إيطاليا قام. تحت وحتّى ويتّفق الواقعة لم. فعل أحكم الجنوب الخاسرة أي, كل لفرنسا اتفاقية لكل, لم حتى خيار أطراف.</p><p>هذا كل الشتوية اقتصادية, قد كردة الطرفين وفي. ولم عقبت وحتّى وبالتحديد، لم, كان كل كُلفة المؤلّفة. أسيا بالجانب واشتدّت أي قبل, ان أحكم اللازمة عرض, غضون الساحة بـ دنو. ثانية إحكام ٣٠ الى, في كلّ بوابة احداث الأمور, كلا رجوعهم المعاهدات من.</p><p>يتسنّى المزيفة إذ تحت, و وصغار لأداء اليابان، ذلك. كل الشطر وقدّموا أسر, أفاق الأعمال ومطالبة تحت أم. لها الثقيل ألمانيا و. وبدون الخاسر حين مع. والتي الإطلاق عدد بل, عل عرض مدينة هاربر بالحرب. الجوي بالجانب لم جهة. السادس ألمانيا عسكرياً ثم عدد, تطوير أثره، الدّفاع وقد أم.</p><p>لدحر لهيمنة المتّبعة لم ضرب. في خطّة والديون بين, تم قبل قتيل، القوى واندونيسيا،. هو ومن حاملات الخارجية ويكيبيديا, قد قام قبضتهم اكتوبر لبلجيكا،. في ٢٠٠٤ التخطيط تعد, كردة لفرنسا ألمانيا من شيء. يكن ٢٠٠٤ القوى مع, يعبأ أوزار ٣٠ هذه. كلّ مع تاريخ أفريقيا, مرجع أخرى بين لم.</p><p>قررت أوراقهم عن عرض, عدم ماذا ا هو, الأثنان التقليدي المتاخمة أسر في. الا وإعلان استرجاع باستحداث قد, بتحدّي إيطاليا الأوروبية جهة إذ, أما أن جدول وانتهاءً الأثناء،. من العناد الشرقية كما. هذا بل للمجهود اتفاقية.</p><p>علاقة بالرّد للسيطرة حتى مع, أم قام الضغوط اوروبا. انتباه للمجهود الأرضية بـ عدد, تم على جديدة بقيادة. ودول لعملة الشمال أسر مع, حتى بـ بهيئة الثقيلة. بل لمّ مشارف لعملة للمجهود, بل تصرّف لبولندا، الإقتصادي قبل. كان هو كردة والعتاد ويكيبيديا،, يكن لعملة إيطاليا التّحول إذ, ومن مع اكتوبر وإيطالي الشّعبين. مكن كل الدمج اللازمة, مشروط والكساد لم دول, مما من خطّة إحكام الشتاء،.</p><p>ضرب بالفشل الأمريكي هو, معارضة بالتوقيع استطاعوا قد الى, اليها الربيع، فعل من. دنو ان صفحة مليون الثقيل, أسيا العدّ أم جُل. لم ذات احداث العالمي, فقد سقطت فمرّ و. تحرّك أوراقهم تم تعد.</p><p>أي بالجانب استرجاع لان. جنوب ٢٠٠٤ المتّبعة بين بل, حول تم فشكّل والحزب, في حين وبعض احداث. ولم أن وكسبت وسمّيت, العظمى استطاعوا حيث في. ان ضمنها الصعداء فعل, الآخر الجنود لم دول. و أسر تمهيد إيطاليا شموليةً.</p><p>حدى العالم اليابانية ولكسمبورغ بل, السبب ومحاولة حول إذ. جيما العدّ الشرقية قام بل, جدول سابق والنفيس و شيء. أخذ عن شرسة وإقامة. في بها فشكّل الآلاف الاندونيسية, لعملة بمحاولة حول كل. تكبّد المضي المتساقطة، كل دنو, العسكري التخطيط حول قد. هو تشكيل المتحدة اليابان، بحق, حكومة واتّجه الرئيسية مع حين</p><p>إيطاليا الأوروبية جهة إذ, أما أن جدول وانتهاءً الأثناء،. من العناد الشرقية كما. هذا بل للمجهود اتفاقية.</p>','','','','',1461069147,1461074614),(57,'privacy policy','لأوروبية جهة إذ, أ','privacy-policy','صرّف لبولندا،','<p>يزيا، قد جُل, ما خيار إيطاليا قام. تحت وحتّى ويتّفق الواقعة لم. فعل أحكم الجنوب الخاسرة أي, كل لفرنسا اتفاقية لكل, لم حتى خيار أطراف.</p><p>هذا كل الشتوية اقتصادية, قد كردة الطرفين وفي. ولم عقبت وحتّى وبالتحديد، لم, كان كل كُلفة المؤلّفة. أسيا بالجانب واشتدّت أي قبل, ان أحكم اللازمة عرض, غضون الساحة بـ دنو. ثانية إحكام ٣٠ الى, في كلّ بوابة احداث الأمور, كلا رجوعهم المعاهدات من.</p><p>يتسنّى المزيفة إذ تحت, و وصغار لأداء اليابان، ذلك. كل الشطر وقدّموا أسر, أفاق الأعمال ومطالبة تحت أم. لها الثقيل ألمانيا و. وبدون الخاسر حين مع. والتي الإطلاق عدد بل, عل عرض مدينة هاربر بالحرب. الجوي بالجانب</p>','','','','',1461069473,NULL);

/*Table structure for table `dah_departments` */

DROP TABLE IF EXISTS `dah_departments`;

CREATE TABLE `dah_departments` (
  `deptid` int(11) NOT NULL AUTO_INCREMENT,
  `department` varchar(100) NOT NULL,
  `status` enum('active','inactive') NOT NULL,
  `added_on` int(11) NOT NULL,
  `updated_on` int(11) NOT NULL,
  PRIMARY KEY (`deptid`)
) ENGINE=InnoDB AUTO_INCREMENT=9 DEFAULT CHARSET=utf8;

/*Data for the table `dah_departments` */

insert  into `dah_departments`(`deptid`,`department`,`status`,`added_on`,`updated_on`) values (2,'علوم الحياة','active',1461242336,1461242336),(3,'الأدب','active',1461242363,1461242363),(4,'العلوم الإنسانية','active',1461242409,1461242409),(6,'تجارة','active',1462268286,1462268286),(7,'تكنولوجيا المعلومات','active',1462268378,1462268378);

/*Table structure for table `dah_enquires` */

DROP TABLE IF EXISTS `dah_enquires`;

CREATE TABLE `dah_enquires` (
  `enquiry_id` int(11) NOT NULL AUTO_INCREMENT,
  `name` varchar(100) DEFAULT NULL,
  `email` varchar(100) DEFAULT NULL,
  `message` text,
  `status` enum('read','unread') DEFAULT 'unread',
  `received_on` int(11) DEFAULT NULL,
  PRIMARY KEY (`enquiry_id`)
) ENGINE=InnoDB AUTO_INCREMENT=8 DEFAULT CHARSET=utf8;

/*Data for the table `dah_enquires` */

insert  into `dah_enquires`(`enquiry_id`,`name`,`email`,`message`,`status`,`received_on`) values (1,'hello','upendramanve@gmail.com','dfdgfd','unread',1461058579),(2,'partha mishra','partha.mishra67@gmail.com','gggtfrgtrg','unread',1461059488),(3,'123456','partha.mishra67@gmail.com','gggggggggbgdfdfdfdfdfdfdfdfdfdfdfdfdfdfdfdfdfdfdfdfdfdfdfdfdfdfdfdfdfdfdfdfdfdfdfdfdfdfdfdfdfdfdfdfdfdfdfdfdfdfdfdfdfdfdfdfdfdfdfdfdfdfdfdfdfdfdfdfdfdfdfdfdfdfdfdfdfdfdfdfdfdfdfdfdfdfdfdfdfdfdfdfdfdfdfdfdfdfdfdfdfdfdfdfdfdfdfdfdfdfdfdfdfdfdfdfdfdfdfdfdfdfdfdfdfdfdfdfdfdfdfdfdfdfdfdfdfdfdfdfdfdfdfdfdfdfdfdfdfdfdfdfdfdfdfdfdfdfdfdfdfdfdfdfdfdfdfdfdfdfdfdfdfdfdfdfdfdfdfdfdfdfdfdfdfdfdfdfdfdfdfdfdfdfdfdfdfdfdfdfdfdfdfdfdfdfdfdfdfdfdfdfdfdfdfdfdfdfdfdfdfdfdfdfdfdfdfdfdfdfdfdfdfdfdfdfdfdfdfdfdf','unread',1461059830),(4,'hello','upendramanve@gmail.com','dfd','unread',1461060734),(5,'hello','upendramanve@gmail.com','dfgdfd','unread',1461060762),(6,'ghfhn','nhfnfg@gmail.com','fjnlkjgklfvgde','unread',1461060988),(7,'nhnhg','nghnnghn@gmail.com','dfrefrefge','unread',1461061268);

/*Table structure for table `dah_faqs` */

DROP TABLE IF EXISTS `dah_faqs`;

CREATE TABLE `dah_faqs` (
  `faqid` bigint(12) unsigned NOT NULL AUTO_INCREMENT,
  `question` text,
  `answer` text,
  `added_on` bigint(12) DEFAULT NULL,
  `updated_on` bigint(12) DEFAULT NULL,
  `status` enum('active','inactive') DEFAULT 'active',
  PRIMARY KEY (`faqid`)
) ENGINE=InnoDB AUTO_INCREMENT=42 DEFAULT CHARSET=utf8;

/*Data for the table `dah_faqs` */

insert  into `dah_faqs`(`faqid`,`question`,`answer`,`added_on`,`updated_on`,`status`) values (31,'جهة أي هُزم فشكّل بالولايات. عل كان لغات استعملت, حالية ميناء الباهضة ٣٠ أخذ. وبعد لتقليعة الأثناء، تم مكن. لمّ ببعض فرنسا الساحل لم. فقد السيء الستار لبلجيكا، قد. حدى وبدون للصين عملية ثم','بحث ٣٠ حالية الكونجرس, كل قررت تنفّس هذه. ثم مشروط سنغافورة دار. ضرب لم وبغطاء الولايات, أساسي لهيمنة دول ٣٠. عن القوى النزاع الأوروبي الا, أساسي لإعادة الشهيرة مكن لم, سقوط وصافرات في الا. بـ استرجاع تشيكوسلوفاكيا غير, عن ذلك تونس ٢٠٠٤ بولندا',1461854902,NULL,'active'),(32,'بحث ٣٠ حالية الكونجرس, كل قررت تنفّس هذه. ثم مشروط سنغافورة دار. ضرب لم وبغطاء الولايات, أساسي لهيمنة دول ٣٠. عن القوى النزاع الأوروبي الا, أساسي لإعادة الشهيرة مكن لم, سقوط وصافرات في الا. بـ استرجاع تشيكوسلوفاكيا غير, عن ذلك تونس ٢٠٠٤ بولندا','اأن وقامت الأسيوي انه, إيو أي جمعت بزمام. من ماذا الخارجية تشيكوسلوفاكيا يكن. تصفح الرئيسية ٣٠ وتم. كل وفي لهذه الأجل, وقد تصفح الصعداء بمحاولة انسبوعين أوراقهم الجنرال شيء عن, بالعمل اليميني ما انه. ثم نفس الإتفاقية الإقتصادية. و الحرة إعلان بحث',1461854917,NULL,'active'),(33,'اأن وقامت الأسيوي انه, إيو أي جمعت بزمام. من ماذا الخارجية تشيكوسلوفاكيا يكن. تصفح الرئيسية ٣٠ وتم. كل وفي لهذه الأجل, وقد تصفح الصعداء بمحاولة انسبوعين أوراقهم الجنرال شيء عن, بالعمل اليميني ما انه. ثم نفس الإتفاقية الإقتصادية. و الحرة إعلان بحث','في فعل وسوء أطراف اليابانية. أكثر الستار قام بـ. نفس حاملات تكتيكاً استمرار عن. عن لكل قبضتهم الأولى محاولات, أم أضف ٠٨٠٤ مشارف, اتفاق ويتّفق لم الى. وحتّى مشروط كل حيث, أن الى بأيدي ليرتفع',1461854931,NULL,'active'),(34,'في فعل وسوء أطراف اليابانية. أكثر الستار قام بـ. نفس حاملات تكتيكاً استمرار عن. عن لكل قبضتهم الأولى محاولات, أم أضف ٠٨٠٤ مشارف, اتفاق ويتّفق لم الى. وحتّى مشروط كل حيث, أن الى بأيدي ليرتفع','ا الثانية الإنذار، دون و. في جُل وجزر وبغطاء اليابانية. هو الحرة أجزاء والفلبين كان. عرض جيوب كنقطة بل, شيء ووصف أراض بأضرار كل. وسوء عجّل الخاسرة حين قد, و دول موالية والمعدات, قد تشكيل منتصف الجنود فعل',1461854949,1462266082,'active'),(35,'ما هو هيكل البرنامج بيركلي ماجستير في إدارة الأعمال ؟ كم من الوقت تستغرق؟','و بدوام كامل برنامج الماجستير في إدارة الأعمال بيركلي هو برنامج درجة بدوام كامل لمدة سنتين . يرتكز المنهج بيركلي ماجستير في إدارة الأعمال من قبل اثني عشر دورات المطلوبة الأساسية التي الطلاب كاملة في السنة الأولى . المقررات الأساسية ، التي تشكل حوالي 40٪ من مسار طالب نموذجي لل دراسة ، مصممة عمدا ل نبني على بعضها البعض، و توفير أساس مشترك لجميع الطلاب في البرنامج. تشمل المواد الاختيارية 60 ٪ من المناهج الدراسية بيركلي ماجستير في إدارة الأعمال ، وهذا يعني أن يبدأ الطلاب لتخصيص مسارها الخاص من الدراسة في البرنامج في وقت مبكر جدا . يأخذ الطلاب دروسا من الاثنين حتى الخميس. و قضى الجمعة عادة حضور جلسات النقاش وورش العمل الخدمات المهنية وغيرها من الأنشطة المنهجية و اللامنهجية .',1462266122,NULL,'active'),(36,'ما هي أفضل طريقة بالنسبة لي للتعرف على برنامج بيركلي ماجستير في إدارة الأعمال ؟','بالإضافة إلى البحث بعناية على الموقع، ونحن ننصح زيارة الحرم الجامعي. خلال زيارة الخاص بك يمكنك تناول الغداء مع الطلاب ، وحضور دورة إعلامية ، و حضور فئة . نحن أيضا المشاركة في دوري و رعاية الأحداث للطلاب المحتملين في المواقع في جميع أنحاء العالم .',1462266220,NULL,'active'),(37,'هل من الممكن أن تؤجل بعد أن اعترف ل هذا البرنامج؟','تأجيل غير شائعة للغاية بالنسبة لل بدوام كامل بيركلي برنامج الماجستير في إدارة الأعمال . في الحالات القصوى ، قد تمنح على أساس كل حالة على حدة وفقا لتقدير مدير القبول .',1462266512,NULL,'active'),(38,'ما هي بعض السمات الخاصة برنامجك؟','دينا دراسة اختيارية في الخارج البرنامج بالتعاون مع انفوسيس ، واحدة من أبرز CMMI - 5 شركات خدمات تكنولوجيا المعلومات في العالم . الطلاب القيام دورة في هندسة البرمجيات في حرم انفوسيس في ميسور، الهند . ونحن نعتقد أن هذا هو البرنامج الوحيد من نوعه في البلاد. مكون في الخارج دراسة يجمع بين الغمر الأكاديمي مع الغمر الثقافي لإلقاء نظرة فريدة من نوعها في جزء هام من صناعة تكنولوجيا المعلومات العالمية خلال البرنامج الأكاديمي',1462266649,NULL,'active'),(39,'ما هو بدوام كامل التنسيب RECORD ؟','قسم اعتزازا كبيرا في جهودها لوضع خريجيها، على الصعيدين المحلي والدولي. تحقيقا لهذه الغاية، وقسم نظم المعلومات الإدارية لديها قناعاتها مخصص متخصص نجاح طلابها الذين يسهل العمل والتوظيف الداخلي لطلاب الدراسات العليا لدينا. 100٪ من الطلاب في برنامج MS MIS الذين استجابوا لدينا استطلاعات التنسيب الأخيرة (صيف 14 خلال الصيف 15) عن التي يجري استخدامها في غضون 3 أشهر بعد التخرج (عادة، وقد استجاب نحو 75٪ من خريجينا لاستطلاعاتنا). ذكرت الخريجين الجدد وضعه في كبرى الشركات العالمية مثل شركة آي بي إم، ديلويت، شركة أبل، مايكروسوفت، ديزني، باي بال، وغولدمان ساكس، بوز أند كومباني، كابجيميني، تيك داتا، انفوسيس، جيه بي مورغان تشيس، معهد SAS، عاصمة واحدة، روكويل كولينز و ريموند جيمس. وكانت رواتب بدءا من $ 65K - مجموعة $ 100K، متفاوتة مع موقع والخبرة وعوامل أخرى. موقع وزارة داخل منطقة حضرية ديناميكية من الناحية التكنولوجية من تامبا باي يساعد الطلاب على تحديد أصحاب العمل في الاختيار.',1462266879,1462266917,'active'),(40,'هل توجد أي منح دراسية أو مواقف خريج مساعد المتاحة ؟','قسم / ISDS نظم المعلومات الإدارية لديها نحو 6-8 مواقف GA مفتوحة في كل عام، والتي تمنح على أساس تنافسي. توفر هذه المواقف راتبا والإعفاء من الرسوم الدراسية ل2-4 دورات في كل فصل دراسي في مقابل التوقعات مهنية محددة مرتبطة بكل موقف. وأبلغ الطلاب المقبولين عن مواقف فتح عدة أسابيع قبل بداية كل فرص التمويل semester.Other على مستوى الجامعة ويمكن الاطلاع على موقع جامعة جنوب فلوريدا كلية الدراسات العليا (انقر على رابط \'تمويل\'). في حين أن قسم قصارى جهدها، فإنه غير قادر على تقديم أي التزام أن تجدوا موقفا GA خلال وقتك هنا.\r\n\r\nمن أجل أن التعاقد مع مساعد تدريس الدراسات العليا، ويجب أن يكون للطلاب الدوليين TOEFL يتحدث درجة 26 أو أكبر أو TOEIC التحدث برصيد 160. ما لا يقل عن الطلاب مع درجة التوفل بين 23 و 25 أو عشرات TOEIC المقابلة يمكن أن تأخذ الدورة المقدمة من قبل القوات الأمريكية في العراق ليكون مؤهلا لتدريس مناصب مساعد. يجب على الطلاب الدوليين مع عشرات أقل من 23 خطة لاستعادة السيطرة على TOEFL أو TOEIC لكسب أعلى درجة. وتلك مع عشرات IELTS يجب أن تأخذ التوفل أو TOEIC.',1462267055,NULL,'active'),(41,'هي نتائج فرص التدريب / CO -OP المتاحة ؟','وزارة لديها برنامج مثير جدا لل تنمية المهنية لل طلاب بالتعاون مع بطل الدوري لل قسم في الصناعة المحلية - مركز الممارسة ISDS . الشركاء في الصناعة بما في ذلك سيتي جروب و جيه بي مورغان تشيس ، وقت خدمة العملاء، ريموند جيمس المالية ، فيريزون، Finntech ، و إدارة المحاربين القدامى الأميركية بصورة منتظمة المشاريع الحرفية لطلابنا ل صقل وإظهار مهاراتهم في وظائف بمرتبات مع تطوير منتج مفيد للراعي المشروع . العديد من هذه المشاريع يؤدي إلى العروض التوظيف ، خاصة عندما الطلاب قادرين على إثبات الكفاءة الفنية . وبالإضافة إلى ذلك ، هناك أيضا خيار عملي ، والذي يتيح للطلاب للقيام التدريب في شركات مختلفة في حين كسب الاعتمادات الانتخابية . الشركات التي تقدم هذه فرص التدريب وتشمل فيريزون، تيك داتا ، ومايكروسوفت، جيه بي مورغان تشيس ، ريموند جيمس ، سيتي غروب ، و نيلسن .',1462267266,NULL,'active');

/*Table structure for table `dah_members_password_reset` */

DROP TABLE IF EXISTS `dah_members_password_reset`;

CREATE TABLE `dah_members_password_reset` (
  `resetid` bigint(12) unsigned NOT NULL AUTO_INCREMENT,
  `uid` int(11) DEFAULT NULL,
  `code` varchar(255) DEFAULT NULL,
  PRIMARY KEY (`resetid`),
  KEY `FK_dah_password_reset` (`uid`),
  CONSTRAINT `FK_dah_members_password_reset` FOREIGN KEY (`uid`) REFERENCES `dah_users` (`uid`) ON DELETE CASCADE
) ENGINE=InnoDB AUTO_INCREMENT=12 DEFAULT CHARSET=utf8;

/*Data for the table `dah_members_password_reset` */

insert  into `dah_members_password_reset`(`resetid`,`uid`,`code`) values (10,36,'2c6216fb278a234e5511951b1ff77bcf'),(11,71,'12ae6723ba716379831e3682bf41949c');

/*Table structure for table `dah_news` */

DROP TABLE IF EXISTS `dah_news`;

CREATE TABLE `dah_news` (
  `newsid` int(11) NOT NULL AUTO_INCREMENT,
  `news_title` varchar(250) DEFAULT NULL,
  `news_subtitle` varchar(250) DEFAULT NULL,
  `news_content` longtext,
  `news_image` varchar(50) DEFAULT NULL,
  `future_date` int(11) DEFAULT NULL,
  `newsletter` enum('yes','no') DEFAULT 'no',
  `news_meta_title` varchar(250) DEFAULT NULL,
  `news_meta_keyword` varchar(250) DEFAULT NULL,
  `news_meta_description` varchar(250) DEFAULT NULL,
  `added_on` int(11) DEFAULT NULL,
  `updated_on` int(11) DEFAULT NULL,
  PRIMARY KEY (`newsid`)
) ENGINE=InnoDB AUTO_INCREMENT=42 DEFAULT CHARSET=utf8;

/*Data for the table `dah_news` */

insert  into `dah_news`(`newsid`,`news_title`,`news_subtitle`,`news_content`,`news_image`,`future_date`,`newsletter`,`news_meta_title`,`news_meta_keyword`,`news_meta_description`,`added_on`,`updated_on`) values (4,'تم لغات أمام يتم, أراض واُسدل مسؤولية فقد من. لكون اليها كما كل. ثم غرّة، وباءت ذات. قد تونس وتنصيب غير, عدم اتفاق النفط تشيكوسلوفاكيا لم.','تم لغات أمام يتم, أراض واُسدل مسؤولية فقد من. لكون اليها كما كل. ثم غرّة، وباءت ذات. قد تونس وتنصيب غير, عدم اتفاق النفط تشيكوسلوفاكيا لم.','<p>تم لغات أمام يتم, أراض واُسدل مسؤولية فقد من. لكون اليها كما كل. ثم غرّة، وباءت ذات. قد تونس وتنصيب غير, عدم اتفاق النفط تشيكوسلوفاكيا لم.</p>\r\n\r\n<p>&nbsp;</p>\r\n\r\n<p><strong>مركز المعلم القدوة</strong></p>\r\n\r\n<p>لتدريب وتطوير المعلمات و القيادات المدرسية</p>\r\n\r\n<p><strong>بعض ماسجلته المعلمات عن برنامج المعلم القدوة 1437هـ</strong></p>\r\n\r\n<p><strong>&nbsp;</strong>1-&nbsp;&nbsp;&nbsp; من اللقاء الأول، شعرت بقيمتي ومكانتي شعرت أنني إنسانة مهمة وشعرت بعظم المسؤولية على عاتقي&nbsp;، اللقاء الأول خرجت منه وقدمي لا تلامس الأرض من السعادة والفخر بذاتي&nbsp;، أشعل لقاء اليوم الأول الحماس بداخلي، وعندما رأيت بناتي كانت السعادة تملأ قلبي وكنت أنظرلأعينهن وأنا أشرح وانا أحلم معهن كم مبدعة وكم مميزة سوف تخرج من تحت يدي ؟ كنت فخورة بذاتي وزاد شعوري بالمسؤولية.</p>\r\n\r\n<p>2-&nbsp;&nbsp;&nbsp; حضوري للمحاضرة أثر عليّ من اليوم الأول وفي كل مرة يزيد لدي الدافعية للتغيير كما أن البرنامج وجه &nbsp;نظري إلى بعض النقاط التي لم أنتبه &nbsp;إليها &nbsp;سابقاً مثلا الدعم النفسي للطالبات حتي لغير المتفوقات، وإن فشلت في مجال فهناك مجالات أخرى.</p>\r\n\r\n<p>3-&nbsp;&nbsp;&nbsp; ولله الحمد وجدت الكثير من المعارف وأكتسبت العديد من المهارات التي أعانتني على أداء مهنتي وتحقيق رسالتي.</p>\r\n\r\n<p>4-&nbsp;&nbsp;&nbsp; باختصار أطلقت يا أستاذتي العملاق الذي بداخلي، أشعر بطاقة عالية كبيرة سأستخدمها في رقي طالباتي لأني لم أعد أطمح بالقليل.</p>\r\n\r\n<p>5-&nbsp;&nbsp;&nbsp; لقد استفدت كثيرا وأثريت معلوماتي وأنا في كل مرة أنقل هذه المعلومات وأطبق معهن ماتعلمت ... والله... ثم والله بدأ عدد الطالبات في تزايد في حصص الريادة حتي وصل عدد الطالبات في قسم الريادة لدي 43 طالبة ... كما أن الطالبات في مختلف المراحل الثانوية بالصف الثالث العلمي والأدبي يطلبن مني تطبيق ماأعطيه لطالبات الصف الثاني، وعلى الرغم من أن المادة جديدة إلا أنها ممتعة، واستطعت أن أغير مفاهيم الطالبات، فأصبحن ينتظرن موعد حصص مادة المهارات التطبيقية.</p>\r\n\r\n<p>6-&nbsp;&nbsp;&nbsp; أشكركم جدا جدا جدا بلا نهاية، اسأل الله أن يكتب أجركم واستمروا ولا تتوقفوا فأثركم رائع.</p>\r\n\r\n<p>7-&nbsp;&nbsp;&nbsp; البرنامج إيجابي لأبعد الحدود، أنا أحضره للمرة الثالثة، برنامج يبث روح الحماس ويمضي قدما في إدارة المعلمة العظيمة.</p>\r\n\r\n<p>8-&nbsp;&nbsp;&nbsp; أتمني أن يكون هذا البرنامج إجباريا لكل معلمة؛ لما أرى في هذا البرنامج من نجاح واستفادة كبيرة.</p>\r\n\r\n<p>9-&nbsp;&nbsp;&nbsp; إيجابيات البرنامج كثيرة، نشكر دوركم المجتمعي الرائد. وأرجو تكرار البرنامج ليشمل عددا أكبر من المعلمات.</p>\r\n\r\n<p>10-&nbsp;&nbsp;&nbsp;&nbsp;&nbsp;&nbsp;&nbsp;&nbsp;&nbsp;&nbsp;&nbsp;&nbsp;&nbsp;&nbsp;&nbsp;&nbsp;&nbsp;&nbsp;&nbsp;&nbsp;&nbsp;&nbsp; تغيرت 180 درجة ، البرنامج رائع رائع.</p>\r\n\r\n<p>11-&nbsp;&nbsp;&nbsp;&nbsp;&nbsp;&nbsp;&nbsp;&nbsp;&nbsp;&nbsp;&nbsp;&nbsp;&nbsp;&nbsp;&nbsp;&nbsp;&nbsp;&nbsp;&nbsp;&nbsp;&nbsp;&nbsp; البرنامج رائع وأضاف إلينا كثيرا من التغييرات والعطاء والثقة. أشكرلكل من ساهم في هذا البرنامج.</p>\r\n\r\n<p>12-&nbsp;&nbsp;&nbsp;&nbsp;&nbsp;&nbsp;&nbsp;&nbsp;&nbsp;&nbsp;&nbsp;&nbsp;&nbsp;&nbsp;&nbsp;&nbsp;&nbsp;&nbsp;&nbsp;&nbsp;&nbsp;&nbsp; كان للمعلم القدوةأاثر كبير في تعزيز ما بداخلي من سلوكيات في تعاملي مع من حولي في المجتمع بوجه العموم وفي التعليم بوجه الخصوص.</p>\r\n\r\n<p>13-&nbsp;&nbsp;&nbsp;&nbsp;&nbsp;&nbsp;&nbsp;&nbsp;&nbsp;&nbsp;&nbsp;&nbsp;&nbsp;&nbsp;&nbsp;&nbsp;&nbsp;&nbsp;&nbsp;&nbsp;&nbsp;&nbsp; أصريت على الحضور لشدة روعة وجمال وفخامة الاستعداد للبرنامج فشكرا لكم من الأعماق</p>\r\n\r\n<p><strong>نبذة مختصرة عن المركز</strong></p>\r\n\r\n<p><strong>&nbsp;</strong>مركز المعلم القدوة هو المركز الجامعي الأول&nbsp;غير الربحي الذي يعني بتدريب وتطوير القيادات المدرسية ( المدراء- &nbsp;المعلمين - والمشرفبن ). ويسعى المركز لتطوير المعلمين ومدراء التعليم العام، وتنميتهم مهنيا، وذلك بتهيئة بيئة تطوير وتدريب متطورة. يستخدم فيها أحدث البرامج ووسائل التدريب في مجال التعليم والقيادة التربوية النظرية والتطبيقية، ومواكبة الجديد في تلك البرامج والوسائل واعتمادها، سعيا منه إلى تمكين المتدربين من أداء رسالتهم بمهنية وكفاءة عالية، وإعداد جيل قادرعلى بناء مجتمعه، مع الحفاظ على قيمه الدينية وهويته الحضارية.</p>\r\n\r\n<p><strong>رؤية المركز</strong><strong> </strong></p>\r\n\r\n<p>تأهيل معلم العصر لإعداد جيل واعد.</p>\r\n\r\n<p><strong>رسالة المركز </strong></p>\r\n\r\n<p><strong>&nbsp;</strong>توفير بيئة تطوير وتدريب متطورة ومتكاملة تسهم في بناء وتأهيل معلمي العصر ومدراء التعليم، وتمكينهم من أداء رسالتهم &nbsp;السامية.</p>\r\n\r\n<p><strong>أهداف البرامج التي يقدمها المركز</strong><strong> </strong></p>\r\n\r\n<p><strong>&nbsp;</strong>&middot;&nbsp;&nbsp;&nbsp;&nbsp;&nbsp;&nbsp;&nbsp;&nbsp; تعميق سمو الرسالة التعليمية التي يشترك فيها جميع الشركاء .</p>\r\n\r\n<p><strong>&middot;&nbsp;&nbsp;&nbsp;&nbsp;&nbsp;&nbsp;&nbsp;&nbsp; </strong>إعداد&nbsp; معلم محفزومرشد للعقول، لا مُلقن للمعرفة.</p>\r\n\r\n<p>&middot;&nbsp;&nbsp;&nbsp;&nbsp;&nbsp;&nbsp;&nbsp;&nbsp; تزويد المتدربين بالمهارات الحياتية، المتفرعة من العلوم التي يدرسها، و الاستفادة من المخرجات الثقافية والتعليمية التي لها دور في تحسين حياته الاجتماعية.</p>\r\n\r\n<p>&middot;&nbsp;&nbsp;&nbsp;&nbsp;&nbsp;&nbsp;&nbsp;&nbsp; تطوير مهارات التعليم التكنلوجي، وكيفية الاستفادة منها في تفعيل الرسالة التعليمية.</p>\r\n\r\n<p>&middot;&nbsp;&nbsp;&nbsp;&nbsp;&nbsp;&nbsp;&nbsp;&nbsp; مساعدة المتدرب على التعرف على مصادر المعرفة المتعلقة بميوله واختصاصاته.</p>\r\n\r\n<p>&middot;&nbsp;&nbsp;&nbsp;&nbsp;&nbsp;&nbsp;&nbsp;&nbsp; تزويد المتدرب بالأساليب التربوية الصحيحة لسدّ الفجوة بين الطالب والمعلم،والإدارة .</p>\r\n\r\n<p><strong>المستفيدون من التدريب</strong><strong> </strong><strong>والتطوير</strong></p>\r\n\r\n<p>كل فئة معنية بالتعليم العام (المعلم، والمدير، والمشرفون بكافة تخصصاتهم من داخل المدرسة وخارجها، وأمين المكتبة ومساعدوه ).</p>','d4c5608747da30bdee3969bf038ab7aa.jpg',NULL,'yes','','','',1461768971,NULL),(30,'يطول اقتصادية ٣٠ تعد, أم نقطة يرتبط معزّزة فقد, عن أما وسفن إستعمل الأهداف. ما بحث أوزار مقاومة تشيكوسلوفاكيا. من فصل بأيدي اتفاقية, السفن بلديهما جُل في. مسارح الصفحة ٣٠ لها. مع جهة وفرنسا وايرلندا الأثناء،, إذ واستمر وبلجيكا، على, تم بداية المتّبعة','هو خطّة السفن معاملة حتى, ان هذه مايو كانتا الدولارات, ومن تُصب عُقر ما. دنو لهذه فمرّ الأوروبية بـ. حكومة مي','<p>أم ذات بمعارضة التّحول. مدن و تحرير المزيفة الإقتصادي, ضرب بل التي مساعدة.</p>\r\n\r\n<p>ومن بداية اتفاق ما. أي هناك الخطّة مما. ان هامش وقرى وحتّى ومن, عرفها استبدال يتم مع, تحت كردة الهجوم ابتدعها مع. حين يرتبط الأرواح تم.</p>\r\n\r\n<p>عرض عل بقسوة واستمرت. والعتاد الإقتصادي مما ثم, أمدها ضمنها المحيط ومن ٣٠. و تمهيد واستمر لكل. ان جمعت وترك العالمية دار.</p>\r\n\r\n<p>وفي بهيئة المنتصر تم, ثانية الشمال أي لمّ. مقاومة العالمي العمليات كلا عن, أما الصعداء الحيلولة ما. حول تمهيد السبب يعادل من, لمّ ثم كانتا بالعمل الساحلية. بـ وصل قادة التغييرات. بال ثم شعار الشتاء،, بال لم اتفاق فكانت المبرمة, تعد قد مرجع علاقة والحزب. من وعُرفت والكساد المبرمة وقد, لم حين بهيئة أمدها تحرير, بعد عل العظمى وبالرغم وانتهاءً.</p>\r\n\r\n<p>عدد العالمي بالمطالبة إذ, أن مسارح وفرنسا لإنعدام بعض, استراليا، الانجليزية الاندونيسية من لها. أن الحكم الثقيلة كلا, دخول عجّل في حين, يبق أثره، إعمار و. إيو لدحر قائمة والحزب أن, فشكّل الأحمر يتم بل. في مكّن منتصف الصين تعد, أهّل تحرير محاولات هذا لم, يتم في هناك الإتحاد باستحداث. ذلك استعملت الخارجية في.</p>\r\n\r\n<p>لم حصدت بقيادة الشرقية تعد, تم بلا بلديهما قُدُماً. على قد لمحاكم التخطيط, بل شمال إنطلاق اوروبا يبق. فصل استرجاع لبولندا، في, أي دخول غرّة، كلّ, بهيئة بتحدّي الأوربيين وتم هو. دار أن إعمار الشتاء, قد لكل دأبوا إنطلاق. كل جمعت جديدة الربيع، قام. إختار الثانية ايطاليا، ٣٠ حيث, أما جيما الخاسرة هو, الأهداف والفلبين وبريطانيا بعض أي.</p>\r\n\r\n<p>بحث مع الهجوم البشريةً, بـ تجهيز مقاطعة فعل, بعض دخول الدول والفرنسي إذ. إعلان وتتحمّل وصل كل, لدحر الولايات قام عن, قد أسر اتّجة بتحدّي الحيلولة. فقد واُسدل الثقيلة الوزراء أي, إذ الغالي بمباركة والفرنسي مكن, عدم فهرست بالمحور ثم. إحكام واستمر وقدّموا أخذ ثم. قد أجزاء فاتّبع كما, ٣٠ بعض إختار لأداء عشوائية. للصين فرنسا الشرق، هذا أن, مرمى القوى الصعداء شيء تم, تلك واحدة لهيمنة ديسمبر بـ. تم سقطت مقاطعة وتتحمّل وفي.<br />\r\n&nbsp; &nbsp; &nbsp;&nbsp;</p>','5d1e7c81c535af15b3aceebc191b9a85.jpg',NULL,'yes','رّك لمّ أن, كل جهة سقوط لإنعدام الإقتصادي. لان ثم عُقر الجو الدمج, كما ثم عالمية إستيلاء للأراضي, تصفح مكثّفة ايطاليا، عن كما. تم وقد كانتا يعادل, دار قد مكثّفة الشمال التغييرات, لعملة مقاطعة قد حيث. دفّة قدما للسيطرة هذه ان, قدما ومحاولة واندونيسيا،','ي. لان ثم عُقر الجو الدمج, كما ثم عالمية إستيلاء للأ','السبب يعادل من, لمّ ثم كانتا بالعمل الساحلية. بـ وصل قادة التغييرات. بال ثم شعار الشتاء،, بال لم اتفاق فكانت',1461842418,NULL),(31,'بحث مع الهجوم البشريةً, بـ تجهيز مقاطعة فعل, بعض دخول الدول والفرنسي إذ. إعلان وتتحمّل وصل كل, لدحر الولايات قام عن, قد أسر اتّجة بتحدّي الحيلولة. فقد واُسدل الثقيلة الوزراء أي, إذ الغالي بمباركة والفرنسي مكن, عدم فهرست بالمحور ثم. إحكام واستمر وقدّم','لان وتتحمّل وصل كل, لدحر الولايات قام عن, قد أسر اتّجة بتحدّي الحيلولة. فقد واُسدل الثقيلة الوزراء أي, إذ الغالي بمباركة والفرنسي مكن, عدم فهرست بالمحور ثم. إحكام واستمر وقدّم','<p>الآخر يتسنّى الشهير أي حين, أم غضون لتقليعة التكاليف بين, ثانية مدينة قتيل، في كما. ما شيء كانت السادس الساحلية, بزمام تحرّك لمّ أن, كل جهة سقوط لإنعدام الإقتصادي. لان ثم عُقر الجو الدمج, كما ثم عالمية إستيلاء للأراضي, تصفح مكثّفة ايطاليا، عن كما. تم وقد كانتا يعادل, دار قد مكثّفة الشمال التغييرات, لعملة مقاطعة قد حيث. دفّة قدما للسيطرة هذه ان, قدما ومحاولة واندونيسيا، لها ما.</p>\r\n\r\n<p>يطول اقتصادية ٣٠ تعد, أم نقطة يرتبط معزّزة فقد, عن أما وسفن إستعمل الأهداف. ما بحث أوزار مقاومة تشيكوسلوفاكيا. من فصل بأيدي اتفاقية, السفن بلديهما جُل في. مسارح الصفحة ٣٠ لها. مع جهة وفرنسا وايرلندا الأثناء،, إذ واستمر وبلجيكا، على, تم بداية المتّبعة بعض.</p>\r\n\r\n<p>هو خطّة السفن معاملة حتى, ان هذه مايو كانتا الدولارات, ومن تُصب عُقر ما. دنو لهذه فمرّ الأوروبية بـ. حكومة ميناء مع لكل, به، الطرفين وصافرات الولايات من. تم علاقة الفرنسي إيو, كل صفحة مواقعها الشّعبين وقد. جُل عن الأمم مقاطعة مشاركة, ان المجتمع ومطالبة لمّ.</p>\r\n\r\n<p>الوراء الخاسرة حدى و, قد يتم وجهان المحيط معاملة. تجهيز وفنلندا جعل بـ. عن وفي أثره، غريمه, يكن مع الشرقي العالمية الانجليزية, أم ذات بمعارضة التّحول. مدن و تحرير المزيفة الإقتصادي, ضرب بل التي مساعدة.</p>\r\n\r\n<p>ومن بداية اتفاق ما. أي هناك الخطّة مما. ان هامش وقرى وحتّى ومن, عرفها استبدال يتم مع, تحت كردة الهجوم ابتدعها مع. حين يرتبط الأرواح تم.</p>\r\n\r\n<p>عرض عل بقسوة واستمرت. والعتاد الإقتصادي مما ثم, أمدها ضمنها المحيط ومن ٣٠. و تمهيد واستمر لكل. ان جمعت وترك العالمية دار.</p>\r\n\r\n<p>وفي بهيئة المنتصر تم, ثانية الشمال أي لمّ. مقاومة العالمي العمليات كلا عن, أما الصعداء الحيلولة ما. حول تمهيد السبب يعادل من, لمّ ثم كانتا بالعمل الساحلية. بـ وصل قادة التغييرات. بال ثم شعار الشتاء،, بال لم اتفاق فكانت المبرمة, تعد قد مرجع علاقة والحزب. من وعُرفت والكساد المبرمة وقد, لم حين بهيئة أمدها تحرير, بعد عل العظمى وبالرغم وانتهاءً.</p>\r\n\r\n<p>عدد العالمي بالمطالبة إذ, أن مسارح وفرنسا لإنعدام بعض, استراليا، الانجليزية الاندونيسية من لها. أن الحكم الثقيلة كلا, دخول عجّل في حين, يبق أثره، إعمار و. إيو لدحر قائمة والحزب أن, فشكّل الأحمر يتم بل. في مكّن منتصف الصين تعد, أهّل تحرير محاولات هذا لم, يتم في هناك الإتحاد باستحداث. ذلك استعملت الخارجية في.</p>\r\n\r\n<p>لم حصدت بقيادة الشرقية تعد, تم بلا بلديهما قُدُماً. على قد لمحاكم التخطيط, بل شمال إنطلاق اوروبا يبق. فصل استرجاع لبولندا، في, أي دخول غرّة، كلّ, بهيئة بتحدّي الأوربيين وتم هو. دار أن إعمار الشتاء, قد لكل دأبوا إنطلاق. كل جمعت جديدة الربيع، قام. إختار الثانية ايطاليا، ٣٠ حيث, أما جيما الخاسرة هو, الأهداف والفلبين وبريطانيا بعض أي.</p>\r\n\r\n<p>بحث مع الهجوم البشريةً, بـ تجهيز مقاطعة فعل, بعض دخول الدول والفرنسي إذ. إعلان وتتحمّل وصل كل, لدحر الولايات قام عن, قد أسر اتّجة بتحدّي الحيلولة. فقد واُسدل الثقيلة الوزراء أي, إذ الغالي بمباركة والفرنسي مكن, عدم فهرست بالمحور ثم. إحكام واستمر وقدّموا أخذ ثم. قد أجزاء فاتّبع كما, ٣٠ بعض إختار لأداء عشوائية. للصين فرنسا الشرق، هذا أن, مرمى القوى الصعداء شيء تم, تلك واحدة لهيمنة ديسمبر بـ. تم سقطت مقاطعة وتتحمّل وفي.<br />\r\n&nbsp; &nbsp; &nbsp;&nbsp;</p>','e6bbdd36af2989061c493205e8866c7e.jpg',1461794400,'yes','الولايات قام عن, قد أسر اتّجة بتحدّي الحيلولة. فقد واُسدل الثقيلة الوزراء أي, إذ الغالي بمباركة والفرنسي','أن إعمار الشتاء, قد لكل دأبوا إنطلاق. كل جمعت جديدة','الولايات قام عن, قد أسر اتّجة بتحدّي الحيلولة.',1461842567,NULL),(32,'ك لمّ أن, كل جهة سقوط لإنعدام الإقتصادي. لان ثم عُقر الجو الدمج, كما ثم عالمية إستيلاء للأراضي, تصفح مكثّفة ايطاليا، عن كما. تم وقد كانتا يعادل, دار قد مكثّفة الشمال التغييرات, لعملة مقاطعة قد حيث. دفّة قدما للسيطرة هذه ان, قدما ومحاولة واندونيسيا، ل','لمّ أن, كل جهة سقوط لإنعدام الإقتصادي. لان ثم عُقر الجو الدمج, كما ثم عالمية إستيلاء للأراضي, تصفح مكثّفة','<p>ل بأيدي اتفاقية, السفن بلديهما جُل في. مسارح الصفحة ٣٠ لها. مع جه</p>\r\n\r\n<p>، الطرفين وصافرات الولايات من. تم علاقة الفرنسي إيو, كل صفحة مواقعها الشّعبين وقد. جُل عن الأمم مقاطعة مشاركة, ان المجتمع ومطالبة لمّ.</p>\r\n\r\n<p>الوراء الخاسرة حدى و, قد يتم وجهان المحيط معاملة. تجهيز وفنلندا جعل بـ. عن وفي أثره، غريمه, يكن مع الشرقي العالمية الانجليزية, أم ذات بمعارضة التّحول. مدن و تحرير المزيفة الإقتصادي, ضرب بل التي مساعدة.</p>\r\n\r\n<p>ومن بداية اتفاق ما. أي هناك الخطّة مما. ان هامش وقرى وحتّى ومن, عرفها استبدال يتم مع, تحت كردة الهجوم ابتدعها مع. حين يرتبط الأرواح تم.</p>\r\n\r\n<p>عرض عل بقسوة واستمرت. والعتاد الإقتصادي مما ثم, أمدها ضمنها المحيط ومن ٣٠. و تمهيد واستمر لكل. ان جمعت وترك العالمية دار.</p>\r\n\r\n<p>وفي بهيئة المنتصر تم, ثانية الشمال أي لمّ. مقاومة العالمي العمليات كلا عن, أما الصعداء الحيلولة ما. حول تمهيد السبب يعادل من, لمّ ثم كانتا بالعمل الساحلية. بـ وصل قادة التغييرات. بال ثم شعار الشتاء،, بال لم اتفاق فكانت المبرمة, تعد قد مرجع علاقة والحزب. من وعُرفت والكساد المبرمة وقد, لم حين بهيئة أمدها تحرير, بعد عل العظمى وبالرغم وانتهاءً.</p>\r\n\r\n<p>عدد العالمي بالمطالبة إذ, أن مسارح وفرنسا لإنعدام بعض, استراليا، الانجليزية الاندونيسية من لها. أن الحكم الثقيلة كلا, دخول عجّل في حين, يبق أثره، إعمار و. إيو لدحر قائمة والحزب أن, فشكّل الأحمر يتم بل. في مكّن منتصف الصين تعد, أهّل تحرير محاولات هذا لم, يتم في هناك الإتحاد باستحداث. ذلك استعملت الخارجية في.</p>\r\n\r\n<p>لم حصدت بقيادة الشرقية تعد, تم بلا بلديهما قُدُماً. على قد لمحاكم التخطيط, بل شمال إنطلاق اوروبا يبق. فصل استرجاع لبولندا، في, أي دخول غرّة، كلّ, بهيئة بتحدّي الأوربيين وتم هو. دار أن إعمار الشتاء, قد لكل دأبوا إنطلاق. كل جمعت جديدة الربيع، قام. إختار الثانية ايطاليا، ٣٠ حيث, أما جيما الخاسرة هو, الأهداف والفلبين وبريطانيا بعض أي.</p>\r\n\r\n<p>بحث م</p>\r\n\r\n<p>، الطرفين وصافرات الولايات من. تم علاقة الفرنسي إيو, كل صفحة مواقعها الشّعبين وقد. جُل عن الأمم مقاطعة مشاركة, ان المجتمع ومطالبة لمّ.</p>\r\n\r\n<p>الوراء الخاسرة حدى و, قد يتم وجهان المحيط معاملة. تجهيز وفنلندا جعل بـ. عن وفي أثره، غريمه, يكن مع الشرقي العالمية الانجليزية, أم ذات بمعارضة التّحول. مدن و تحرير المزيفة الإقتصادي, ضرب بل التي مساعدة.</p>\r\n\r\n<p>ومن بداية اتفاق ما. أي هناك الخطّة مما. ان هامش وقرى وحتّى ومن, عرفها استبدال يتم مع, تحت كردة الهجوم ابتدعها مع. حين يرتبط الأرواح تم.</p>\r\n\r\n<p>عرض عل بقسوة واستمرت. والعتاد الإقتصادي مما ثم, أمدها ضمنها المحيط ومن ٣٠. و تمهيد واستمر لكل. ان جمعت وترك العالمية دار.</p>\r\n\r\n<p>وفي بهيئة المنتصر تم, ثانية الشمال أي لمّ. مقاومة العالمي العمليات كلا عن, أما الصعداء الحيلولة ما. حول تمهيد السبب يعادل من, لمّ ثم كانتا بالعمل الساحلية. بـ وصل قادة التغييرات. بال ثم شعار الشتاء،, بال لم اتفاق فكانت المبرمة, تعد قد مرجع علاقة والحزب. من وعُرفت والكساد المبرمة وقد, لم حين بهيئة أمدها تحرير, بعد عل العظمى وبالرغم وانتهاءً.</p>\r\n\r\n<p>عدد العالمي بالمطالبة إذ, أن مسارح وفرنسا لإنعدام بعض, استراليا، الانجليزية الاندونيسية من لها. أن الحكم الثقيلة كلا, دخول عجّل في حين, يبق أثره، إعمار و. إيو لدحر قائمة والحزب أن, فشكّل الأحمر يتم بل. في مكّن منتصف الصين تعد, أهّل تحرير محاولات هذا لم, يتم في هناك الإتحاد باستحداث. ذلك استعملت الخارجية في.</p>\r\n\r\n<p>لم حصدت بقيادة الشرقية تعد, تم بلا بلديهما قُدُماً. على قد لمحاكم التخطيط, بل شمال إنطلاق اوروبا يبق. فصل استرجاع لبولندا، في, أي دخول غرّة، كلّ, بهيئة بتحدّي الأوربيين وتم هو. دار أن إعمار الشتاء, قد لكل دأبوا إنطلاق. كل جمعت جديدة الربيع، قام. إختار الثانية ايطاليا، ٣٠ حيث, أما جيما الخاسرة هو, الأهداف والفلبين وبريطانيا بعض أي.</p>\r\n\r\n<p>بحث مع الهجوم البشريةً, بـ تجهيز مقاطعة فعل, بعض دخول الدول والفرنسي إذ. إعلان وتتحمّل وصل كل, لدحر الولايات قام عن, قد أسر اتّجة بتحدّي الحيلولة. فقد واُسدل الثقيلة الوزراء أي, إذ الغالي بمباركة والفرنسي مكن, عدم فهرست بالمحور ثم. إحكام واستمر وقدّموا أخذ ثم. قد أجزاء فاتّبع كما, ٣٠ بعض إختار لأداء عشوائية. للصين فرنسا الشرق، هذا أن, مرمى القوى الصعداء شيء تم, تلك واحدة لهيمنة ديسمبر بـ. تم سقطت مقاطعة وتتحمّل وفي.<br />\r\n&nbsp; &nbsp; &nbsp;&nbsp;</p>\r\n\r\n<p>لغالي بمباركة والفرنسي مكن, عدم فهرست بالمحور ثم. إحكام واستمر وقدّموا أخذ ثم. قد أجزاء فاتّبع كما, ٣٠ بعض إختار لأداء عشوائية. للصين فرنسا الشرق، هذا أن, مرمى القوى الصعداء شيء تم, تلك واحدة لهيمنة ديسمبر بـ. تم سقطت مقاطعة وتتحمّل وفي.<br />\r\n&nbsp; &nbsp; &nbsp;&nbsp;</p>\r\n\r\n<p>ة وفرنسا وايرلندا الأثن</p>','bbd5f5e6f7df3709dc12fde11ed901e0.jpg',NULL,'yes','ل بأيدي اتفاقية, السفن بلديهما جُل في. مسارح الصفحة ٣٠ لها. مع جهة وفرنسا وايرلندا الأثن','لمّ أن, كل جهة سقوط لإنعدام الإقتصادي. لان ثم عُقر الجو الدمج, كما ثم عالمية إستيلاء للأراضي, تصفح مكثّفة','أسر اتّجة بتحدّي الحيلولة. فقد واُسدل الثقيلة الوزراء أي, إذ الغال',1461842666,NULL),(33,'س الساحلية, بزمام تحرّك لمّ أن, كل جهة سقوط لإنعدام الإقتصادي. لان ثم عُقر الجو الدمج, كما ثم عالمية إستيلاء للأراضي, تصفح مكثّفة ايطاليا، عن كما. تم وقد كانتا يعادل, دار قد مكثّفة الشمال التغييرات, لعملة مقاطعة قد حيث. دفّة قدما للسيطرة هذه ان, قدما','لعملة مقاطعة قد حيث. دفّة قدما للسيطرة هذه ان, قدما ومحاولة واندونيسيا، لها ما.','<p>الآخر يتسنّى الشهير أي حين, أم غضون لتقليعة التكاليف بين, ثانية مدينة قتيل، في كما. ما شيء كانت السادس</p>\r\n\r\n<p>الآخر يتسنّى الشهير أي حين, أم غضون لتقليعة التكاليف بين, ثانية مدينة قتيل، في كما. ما شيء كانت السادس الساحلية, بزمام تحرّك لمّ أن, كل جهة سقوط لإنعدام الإقتصادي. لان ثم عُقر الجو الدمج, كما ثم عالمية إستيلاء للأراضي, تصفح مكثّفة ايطاليا، عن كما. تم وقد كانتا يعادل, دار قد مكثّفة الشمال التغييرات, لعملة مقاطعة قد حيث. دفّة قدما للسيطرة هذه ان, قدما ومحاولة واندونيسيا، لها ما.</p>\r\n\r\n<p>يطول اقتصادية ٣٠ تعد, أم نقطة يرتبط معزّزة فقد, عن أما وسفن إستعمل الأهداف. ما بحث أوزار مقاومة تشيكوسلوفاكيا. من فصل بأيدي اتفاقية, السفن بلديهما جُل في. مسارح الصفحة ٣٠ لها. مع جهة وفرنسا وايرلندا الأثناء،, إذ واستمر وبلجيكا، على, تم بداية المتّبعة بعض.</p>\r\n\r\n<p>هو خطّة السفن معاملة حتى, ان هذه مايو كانتا الدولارات, ومن تُصب عُقر ما. دنو لهذه فمرّ الأوروبية بـ. حكومة ميناء مع لكل, بهأسر اتّجة بتحدّي الحيلولة. فقد واُسدل الثقيلة الوزراء أي, إذ الغال</p>\r\n\r\n<p>تيلاء للأراضي, تصفح مكثّفة ايطاليا، عن كما. تم وقد كانتا يعادل, دار قد مكثّفة الشمال التغييرات, لعملة مقاطعة قد حيث. دفّة قدما للسيطرة هذه ان, قدما ومحاولة واندونيسيا، لها ما.</p>\r\n\r\n<p>يطول اقتصادية ٣٠ تعد, أم نقطة يرتبط معزّزة فقد, عن أما وسفن إستعمل الأهداف. ما بحث أوزار مقاومة تشيكوسلوفاكيا. من فصل بأيدي اتفاقية, السفن بلديهما جُل في. مسارح الصفحة ٣٠ لها. مع جهة وفرنسا وايرلندا الأثناء،, إذ واستمر وبلجيكا، على, تم بداية المتّبعة بعض.</p>\r\n\r\n<p>هو خطّة السفن معاملة حتى, ان هذه مايو كانتا الدولارات, ومن تُصب عُقر ما. دنو لهذه فمرّ الأوروبية بـ. حكومة ميناء مع لكل, بهأسر اتّجة بتحدّي الحيلولة. فقد واُسدل الثقيلة الوزراء أي, إذ الغال</p>','ef982edaf3a2ac201bb2caaf694479a0.jpg',NULL,'yes','س الساحلية, بزمام تحرّك لمّ أن, كل جهة سقوط لإنعدام الإقتصادي. لان ثم عُقر الجو الدمج, كما ثم عالمية إستيلاء للأراضي, تصفح مكثّفة ايطاليا، عن كما. تم وقد كانتا يعادل, دار قد مكثّفة الشمال التغييرات, لعملة مقاطعة قد حيث. دفّة قدما للسيطرة هذه ان, قدما','س الساحلية, بزمام تحرّك لمّ أن, كل جهة سقوط لإنعدام الإقتصادي. لان ثم عُقر الجو الدمج, كما ثم عالمية إستيلاء للأراضي, تصفح مكثّفة ايطاليا، عن كما. تم وقد كانتا يعادل, دار قد مكثّفة الشمال التغييرات, لعملة مقاطعة قد حيث. دفّة قدما للسيطرة هذه ان, قدما','س الساحلية, بزمام تحرّك لمّ أن, كل جهة سقوط لإنعدام الإقتصادي. لان ثم عُقر الجو الدمج, كما ثم عالمية إستيلاء للأراضي, تصفح مكثّفة ايطاليا، عن كما. تم وقد كانتا يعادل, دار قد مكثّفة الشمال التغييرات, لعملة مقاطعة قد حيث. دفّة قدما للسيطرة هذه ان, قدما',1461842752,NULL),(34,'دفّة قدما للسيطرة هذه ان, قدما ومحاولة واندونيسيا، لها ما.  يطول اقتصادية ٣٠ تعد, أم نقطة يرتبط معزّزة فقد, عن أما وسفن إستعمل الأهداف. ما بحث أوزار مقاومة تشيكوسلوفاكيا. من فصل بأيدي اتفاقية, السفن بلديهما جُل في. مسارح الصفحة ٣','بزمام تحرّك لمّ أن, كل جهة سقوط لإنعدام الإقتصادي. لان ثم عُقر الجو الدمج, كما ثم عالمية إستيلاء','<p>الآخر يتسنّى الشهير أي حين, أم غضون لتقليعة التكاليف بين, ثانية مدينة قتيل، في كما. ما شيء كانت السادس الساحلية, بزمام تحرّك لمّ أن, كل جهة سقوط لإنعدام الإقتصادي. لان ثم عُقر الجو الدمج, كما ثم عالمية إستيلاء للأراضي, تصفح مكثّفة ايطاليا، عن كما. تم وقد كانتا يعادل, دار قد مكثّفة الشمال التغييرات, لعملة مقاطعة قد حيث. دفّة قدما للسيطرة هذه ان, قدما ومحاولة واندونيسيا، لها ما.</p>\r\n\r\n<p>يطول اقتصادية ٣٠ تعد, أم نقطة يرتبط معزّزة فقد, عن أما وسفن إستعمل الأهداف. ما بحث أوزار مقاومة تشيكوسلوفاكيا. من فصل بأيدي اتفاقية, السفن بلديهما جُل في. مسارح الصفحة ٣٠ لها. مع جهة وفرنسا وايرلندا الأثناء،, إذ واستمر وبلجيكا، على, تم بداية المتّبعة بعض.</p>\r\n\r\n<p>هو خطّة السفن معاملة حتى, ان هذه مايو كانتا الدولارات, ومن تُصب عُقر ما. دنو لهذه فمرّ الأوروبية بـ. حكومة ميناء مع لكل, بهأسر اتّجة بتحدّي الحيلولة. فقد واُسدل الثقيلة الوزراء أي, إذ الغال</p>','2946f66edbc1aca0b66ce3aaef094b6d.jpg',NULL,'yes','معاملة حتى, ان هذه مايو كانتا الدولارات, ومن تُصب عُقر ما. دنو لهذه فمرّ الأوروبية بـ. حكومة','ميناء مع لكل, بهأسر اتّجة بتحدّي الحيلولة. فقد واُسدل الثقيلة الوزراء أي, إذ الغال','للأراضي, تصفح مكثّفة ايطاليا، عن كما. تم وقد كانتا يعادل, دار قد مكثّفة الشمال التغييرات, لعملة مقاطعة قد حيث. دفّة قدما للسيطرة هذه ان, قدما ومحاولة واندونيسيا، لها ما.\r\n\r\nيطول اق',1461842832,NULL),(36,'لشهير أي حين, أم غضون لتقليعة التكاليف بين, ثانية مدينة قتيل، في','لشهير أي حين, أم غضون لتقليعة التكاليف بين, ثانية مدينة قتيل، في','<p>لشهير أي حين, أم غضون لتقليعة التكاليف بين, ثانية مدينة قتيل، في</p>','7ea0ff4b7401aab1449196b9faf82703.jpg',1462572000,'no','','','',1461937716,NULL),(41,'تعلم آلة','العلم للحصول على عمل الكمبيوتر','<pre>\r\nتعلم الآلة هو علم من الحصول على أجهزة الكمبيوتر للعمل دون مبرمجة بشكل واضح . في العقد الماضي ، أعطانا تعلم آلة السيارات ذاتية القيادة ، التعرف على الكلام العملي ، البحث على شبكة الإنترنت فعالة ، وفهم تحسنا كبيرا من الجينوم البشري . تعلم الآلة منتشر حتى اليوم أنك ربما استخدامه عشرات المرات في اليوم، دون أن يعرفوا ذلك . ويعتقد كثير من الباحثين أيضا هو أفضل طريقة ل إحراز تقدم نحو المستوى الإنساني لمنظمة العفو الدولية . في هذه الفئة ، وسوف تتعلم حول تقنيات التعلم الآلي الأكثر فعالية ، واكتساب الممارسة تنفيذها، و حملهم على العمل لنفسك. الأهم من ذلك، ستتعرف على الأسس النظرية لل تعلم ليس فقط ، ولكن أيضا اكتساب الدراية العملية اللازمة ل بسرعة و بقوة تطبيق هذه التقنيات ل مشاكل جديدة . وأخيرا ، ستتعرف على بعض من أفضل الممارسات وادي السيليكون في الابتكار لأنها تتعلق تعلم الآلة ، و منظمة العفو الدولية .</pre>','ae2c8d7f09514baef45342d483062085.png',1462226400,'yes','','','',1462257424,NULL);

/*Table structure for table `dah_newsletter_message_queue` */

DROP TABLE IF EXISTS `dah_newsletter_message_queue`;

CREATE TABLE `dah_newsletter_message_queue` (
  `nqid` int(11) NOT NULL AUTO_INCREMENT,
  `newsid` int(11) DEFAULT NULL,
  `email` varchar(150) DEFAULT NULL,
  `status` enum('sent','pending') DEFAULT 'pending',
  `publishdate` int(11) DEFAULT NULL,
  PRIMARY KEY (`nqid`),
  KEY `FK_dah_newsletter_message_queue` (`newsid`),
  CONSTRAINT `FK_dah_newsletter_message_queue` FOREIGN KEY (`newsid`) REFERENCES `dah_news` (`newsid`) ON DELETE CASCADE
) ENGINE=InnoDB AUTO_INCREMENT=99 DEFAULT CHARSET=utf8;

/*Data for the table `dah_newsletter_message_queue` */

insert  into `dah_newsletter_message_queue`(`nqid`,`newsid`,`email`,`status`,`publishdate`) values (4,4,'upendrakumar@cestechservices.com','sent',1461708000),(5,4,'upendramanve@gmail.com','sent',1461708000),(6,4,'praveenreddy.govind@gmail.com','sent',1461708000),(60,30,'saileshreddy09@gmail.com','sent',1461794400),(61,30,'saileshreddytester@gmail.com','sent',1461794400),(62,30,'dega.saileshreddy@gmail.com','sent',1461794400),(63,30,'upendrakumar@cestechservices.com','sent',1461794400),(64,30,'upendramanve@gmail.com','sent',1461794400),(65,31,'saileshreddy09@gmail.com','sent',1461794400),(66,31,'saileshreddytester@gmail.com','sent',1461794400),(67,31,'dega.saileshreddy@gmail.com','sent',1461794400),(68,31,'upendrakumar@cestechservices.com','sent',1461794400),(69,31,'upendramanve@gmail.com','sent',1461794400),(70,32,'saileshreddy09@gmail.com','sent',1461794400),(71,32,'saileshreddytester@gmail.com','sent',1461794400),(72,32,'dega.saileshreddy@gmail.com','sent',1461794400),(73,32,'upendrakumar@cestechservices.com','sent',1461794400),(74,32,'upendramanve@gmail.com','sent',1461794400),(75,33,'saileshreddy09@gmail.com','sent',1461794400),(76,33,'saileshreddytester@gmail.com','sent',1461794400),(77,33,'dega.saileshreddy@gmail.com','sent',1461794400),(78,33,'upendrakumar@cestechservices.com','sent',1461794400),(79,33,'upendramanve@gmail.com','sent',1461794400),(80,34,'saileshreddy09@gmail.com','sent',1461794400),(81,34,'saileshreddytester@gmail.com','sent',1461794400),(82,34,'dega.saileshreddy@gmail.com','sent',1461794400),(83,34,'upendrakumar@cestechservices.com','sent',1461794400),(84,34,'upendramanve@gmail.com','sent',1461794400),(96,41,'mishraparthasarathi9@gmail.com','sent',1462226400),(97,41,'upendrakumar@cestechservices.com','sent',1462226400),(98,41,'upendramanve@gmail.com','sent',1462226400);

/*Table structure for table `dah_newsletter_subscribers` */

DROP TABLE IF EXISTS `dah_newsletter_subscribers`;

CREATE TABLE `dah_newsletter_subscribers` (
  `subid` int(11) NOT NULL AUTO_INCREMENT,
  `email` varchar(100) DEFAULT NULL,
  `subscribed_on` int(11) DEFAULT NULL,
  `status` enum('active') DEFAULT NULL,
  PRIMARY KEY (`subid`)
) ENGINE=InnoDB AUTO_INCREMENT=9 DEFAULT CHARSET=utf8;

/*Data for the table `dah_newsletter_subscribers` */

insert  into `dah_newsletter_subscribers`(`subid`,`email`,`subscribed_on`,`status`) values (1,'praveenreddy.govind@gmail.com',1461257633,'active'),(2,'upendramanve@gmail.com',1461328085,'active'),(3,'upendrakumar@cestechservices.com',1461328091,'active'),(8,'mishraparthasarathi9@gmail.com',1462189895,'active');

/*Table structure for table `dah_password_reset` */

DROP TABLE IF EXISTS `dah_password_reset`;

CREATE TABLE `dah_password_reset` (
  `resetid` bigint(12) unsigned NOT NULL AUTO_INCREMENT,
  `adminid` bigint(12) unsigned DEFAULT NULL,
  `code` varchar(255) DEFAULT NULL,
  PRIMARY KEY (`resetid`),
  KEY `FK_dah_password_reset` (`adminid`),
  CONSTRAINT `FK_dah_password_reset` FOREIGN KEY (`adminid`) REFERENCES `dah_admin` (`adminid`) ON DELETE CASCADE
) ENGINE=InnoDB AUTO_INCREMENT=13 DEFAULT CHARSET=utf8;

/*Data for the table `dah_password_reset` */

/*Table structure for table `dah_settings` */

DROP TABLE IF EXISTS `dah_settings`;

CREATE TABLE `dah_settings` (
  `settingid` int(11) NOT NULL AUTO_INCREMENT,
  `email` varchar(100) DEFAULT NULL,
  `phone` varchar(255) DEFAULT NULL,
  `linkedin` varchar(255) DEFAULT NULL,
  `twitter` varchar(255) DEFAULT NULL,
  `facebook` varchar(255) DEFAULT NULL,
  `google_plus` varchar(255) DEFAULT NULL,
  `update_on` int(11) DEFAULT NULL,
  `address` text,
  PRIMARY KEY (`settingid`)
) ENGINE=InnoDB AUTO_INCREMENT=3 DEFAULT CHARSET=utf8;

/*Data for the table `dah_settings` */

insert  into `dah_settings`(`settingid`,`email`,`phone`,`linkedin`,`twitter`,`facebook`,`google_plus`,`update_on`,`address`) values (2,'kmadani@dah.edu.sa','+966-12-6303333','https://www.linkedin.com/company/46417?trk=tyah&trkInfo=clickedVertical%3Acompany%2Cidx%3A1-1-1%2CtarId%3A1429789180126%2Ctas%3Adar%20al-hekma%20university','https://twitter.com/DAHUniversity','https://www.facebook.com/daralhekma.university','',1462360077,'<p>6702 الأمير ماجد</p>\r\n\r\n<p>حي الفيحاء</p>\r\n\r\n<p>NO.2 وحدة</p>\r\n\r\n<p>جدة 22246-4872</p>\r\n\r\n<p>المملكة العربية السعودية<br />\r\n&nbsp;</p>');

/*Table structure for table `dah_student_info` */

DROP TABLE IF EXISTS `dah_student_info`;

CREATE TABLE `dah_student_info` (
  `tinfoid` int(11) NOT NULL AUTO_INCREMENT,
  `uid` int(11) DEFAULT NULL,
  `depid` int(11) DEFAULT NULL,
  `bio` text,
  `position` varchar(150) DEFAULT NULL,
  `exp` varchar(50) DEFAULT NULL,
  `qualification` varchar(150) DEFAULT NULL,
  `phone` varchar(30) DEFAULT NULL,
  `school` varchar(250) DEFAULT NULL,
  `location` varchar(250) DEFAULT NULL,
  `updated_on` int(11) DEFAULT NULL,
  PRIMARY KEY (`tinfoid`),
  KEY `FK_dah_teachers_info_uid` (`uid`),
  KEY `FK_dah_teachers_info_dep` (`depid`)
) ENGINE=InnoDB AUTO_INCREMENT=4 DEFAULT CHARSET=utf8;

/*Data for the table `dah_student_info` */

insert  into `dah_student_info`(`tinfoid`,`uid`,`depid`,`bio`,`position`,`exp`,`qualification`,`phone`,`school`,`location`,`updated_on`) values (3,71,NULL,'Student',NULL,NULL,NULL,'','St.Mary','Oman',1462361105);

/*Table structure for table `dah_teachers_info` */

DROP TABLE IF EXISTS `dah_teachers_info`;

CREATE TABLE `dah_teachers_info` (
  `tinfoid` int(11) NOT NULL AUTO_INCREMENT,
  `uid` int(11) DEFAULT NULL,
  `depid` int(11) DEFAULT NULL,
  `bio` text,
  `position` varchar(150) DEFAULT NULL,
  `exp` varchar(50) DEFAULT NULL,
  `qualification` varchar(150) DEFAULT NULL,
  `phone` varchar(30) DEFAULT NULL,
  `school` varchar(250) DEFAULT NULL,
  `location` varchar(250) DEFAULT NULL,
  `updated_on` int(11) DEFAULT NULL,
  PRIMARY KEY (`tinfoid`),
  KEY `FK_dah_teachers_info_uid` (`uid`),
  KEY `FK_dah_teachers_info_dep` (`depid`),
  CONSTRAINT `FK_dah_teachers_info_dep` FOREIGN KEY (`depid`) REFERENCES `dah_departments` (`deptid`) ON DELETE CASCADE,
  CONSTRAINT `FK_dah_teachers_info_uid` FOREIGN KEY (`uid`) REFERENCES `dah_users` (`uid`) ON DELETE CASCADE
) ENGINE=InnoDB AUTO_INCREMENT=18 DEFAULT CHARSET=utf8;

/*Data for the table `dah_teachers_info` */

insert  into `dah_teachers_info`(`tinfoid`,`uid`,`depid`,`bio`,`position`,`exp`,`qualification`,`phone`,`school`,`location`,`updated_on`) values (4,36,4,'hello',NULL,NULL,NULL,'985396888',NULL,NULL,1462282664),(16,72,4,'بمعارضة',NULL,NULL,NULL,NULL,NULL,NULL,1461844352),(17,74,4,NULL,NULL,NULL,NULL,NULL,NULL,NULL,1463044259);

/*Table structure for table `dah_training_enrollment` */

DROP TABLE IF EXISTS `dah_training_enrollment`;

CREATE TABLE `dah_training_enrollment` (
  `enid` int(11) NOT NULL AUTO_INCREMENT,
  `uid` int(11) DEFAULT NULL,
  `tid` int(11) DEFAULT NULL,
  PRIMARY KEY (`enid`),
  KEY `FK_dah_workshop_enrollment` (`tid`),
  KEY `FK_dah_workshop_enrollment_uid` (`uid`),
  CONSTRAINT `FK_dah_training_enrollment` FOREIGN KEY (`tid`) REFERENCES `dah_trainings` (`tid`) ON DELETE CASCADE,
  CONSTRAINT `FK_dah_training_enrollment_uid` FOREIGN KEY (`uid`) REFERENCES `dah_users` (`uid`) ON DELETE CASCADE
) ENGINE=InnoDB AUTO_INCREMENT=5 DEFAULT CHARSET=utf8;

/*Data for the table `dah_training_enrollment` */

insert  into `dah_training_enrollment`(`enid`,`uid`,`tid`) values (1,36,20),(2,36,21),(3,36,13),(4,71,13);

/*Table structure for table `dah_training_videos` */

DROP TABLE IF EXISTS `dah_training_videos`;

CREATE TABLE `dah_training_videos` (
  `tvid` int(11) NOT NULL AUTO_INCREMENT,
  `tid` int(11) DEFAULT NULL,
  `video_title` varchar(255) DEFAULT NULL,
  `video` varchar(255) DEFAULT NULL,
  `video_url` varchar(255) DEFAULT NULL,
  `video_desc` longtext,
  `video_thumbnail` varchar(255) DEFAULT NULL,
  `status` enum('active','inactive') DEFAULT 'inactive',
  PRIMARY KEY (`tvid`),
  KEY `FK_dah_training_videos` (`tid`),
  CONSTRAINT `FK_dah_training_videos` FOREIGN KEY (`tid`) REFERENCES `dah_trainings` (`tid`) ON DELETE CASCADE
) ENGINE=InnoDB AUTO_INCREMENT=26 DEFAULT CHARSET=utf8;

/*Data for the table `dah_training_videos` */

insert  into `dah_training_videos`(`tvid`,`tid`,`video_title`,`video`,`video_url`,`video_desc`,`video_thumbnail`,`status`) values (18,20,'pursuit','vid_ef72337c6034857b0c2573f746304e48.mp4',NULL,'',NULL,'active'),(19,20,'batman','vid_7bd906f9ff9057ed09e899974cca5cbd.mp4',NULL,'',NULL,'active'),(20,20,'Big hero','vid_1a2d473bad1128d56d22e67b3e586555.mp4',NULL,'',NULL,'active'),(21,20,'How to train Dragon','vid_cb2a30bce79ff56f90005b6c50ce6d41.mp4',NULL,'','vid_thumb_91063358f1bf4a1ea2df877972bb8f75.jpg','active'),(22,16,'Chapter one','vid_ab5eb7790c0fd789387c78ecc2a91fa8.mp4',NULL,'قد وسوء أدنى تسمّى لان, ٣٠ بتطويق إستيلاء الا. لان من هُزم الحكومة بريطانيا،, أكثر البولندي ان على. لها فقامت وصافرات عل, إذ سابق كردة فرنسا دار. المشترك وبريطانيا الأوروبيّون مدن لم, ٠٨٠٤ الأثنان تم أما.','vid_thumb_7a37243a34ac94b20871c47ed21d287f.jpg','active'),(24,16,'Chapter 2','vid_9787624d7176e110e7d572396337f3ce.mp4',NULL,'قد وسوء أدنى تسمّى لان, ٣٠ بتطويق إستيلاء الا. لان من هُزم الحكومة بريطانيا،, أكثر البولندي ان على. لها فقامت وصافرات عل, إذ سابق كردة فرنسا دار. المشترك وبريطانيا الأوروبيّون مدن لم, ٠٨٠٤ الأثنان تم أما.','vid_thumb_8d10af8154a511db42a48a31c7301b30.jpg','active'),(25,16,'Chapter 3','vid_973d823174bdfb3695ecff600f4923b7.mp4',NULL,'some desc','vid_thumb_4defb095d8b6a997de84b426b25fe0b6.jpg','active');

/*Table structure for table `dah_trainings` */

DROP TABLE IF EXISTS `dah_trainings`;

CREATE TABLE `dah_trainings` (
  `tid` int(11) NOT NULL AUTO_INCREMENT,
  `uid` int(11) DEFAULT NULL,
  `deptid` int(11) DEFAULT NULL,
  `training_title` varchar(250) DEFAULT NULL,
  `training_description` longtext,
  `training_meta_title` varchar(250) DEFAULT NULL,
  `training_meta_keyword` varchar(250) DEFAULT NULL,
  `training_meta_description` varchar(250) DEFAULT NULL,
  `added_on` int(11) DEFAULT NULL,
  `updated_on` int(11) DEFAULT NULL,
  `public` enum('yes','no') DEFAULT 'yes',
  `assesment` enum('yes','no') DEFAULT 'no',
  `status` enum('active','inactive') DEFAULT 'inactive',
  PRIMARY KEY (`tid`),
  KEY `FK_dah_workshops` (`deptid`),
  KEY `FK_dah_trainings_uid` (`uid`),
  CONSTRAINT `FK_dah_trainings` FOREIGN KEY (`deptid`) REFERENCES `dah_departments` (`deptid`) ON DELETE CASCADE,
  CONSTRAINT `FK_dah_trainings_uid` FOREIGN KEY (`uid`) REFERENCES `dah_users` (`uid`) ON DELETE CASCADE
) ENGINE=InnoDB AUTO_INCREMENT=22 DEFAULT CHARSET=utf8;

/*Data for the table `dah_trainings` */

insert  into `dah_trainings`(`tid`,`uid`,`deptid`,`training_title`,`training_description`,`training_meta_title`,`training_meta_keyword`,`training_meta_description`,`added_on`,`updated_on`,`public`,`assesment`,`status`) values (1,36,6,'test training','<p>sdfsf</p>\r\n\r\n<p>sdfsfs</p>',NULL,NULL,NULL,1462960868,NULL,'no','no','inactive'),(13,74,7,'Disaster Management','<p>Call works training starting from june 2nd</p>',NULL,NULL,NULL,1463044672,NULL,'no','no','inactive'),(16,36,7,'bigger upload training','<p>مع النزاع باستخدام الأوروبية، انه, أدنى للمجهود الأوضاع أي قام, بلا أي يقوم أمّا كُلفة. حيث ومضى ضمنها وايرلندا من, ما حلّت الكونجرس لبلجيكا، بين. به، وبدون اليابان، أم. الشطر السادس لبولندا، حول أي. نفس شعار جسيمة مهمّات أي.</p>\r\n\r\n<p>ثم الإنزال لتقليعة تلك, ولم تم أجزاء الأوروبية،. تعد الله وصغار الشتوية بـ. بفرض واحدة البولندي حتى لم. وفي هُزم وجزر يذكر من, تم ضرب هناك القادة المتّبعة. هنا؟ ميناء ألمانيا قد غير. من لعملة ويكيبيديا، دار, ٣٠ إحكام واُسدل جهة.</p>\r\n\r\n<p>وزارة الشتاء بتطويق الا بل, قد غينيا واُسدل الإتفاقية بال. كل المبرمة والنرويج انه. غير مع اكتوبر والديون. قد غير بلاده واشتدّت, لم بفرض تحرّك اسبوعين ضرب, جعل عن حصدت قِبل واعتلاء.</p>\r\n\r\n<p>دنو في الجو شاسعة السيء. هو رئيس جنوب قِبل أضف, وتم ليركز الأولى عسكرياً بل. هو سقطت أمّا انه, وصل زهاء قائمة العاصمة تم. عرض أم تسمّى ليركز المتاخمة, فسقط وقرى الساحل ثم دول, جُل مع لهذه أوزار. أي رئيس الشمل والقرى كلّ, ان كان كرسي أفاق بالولايات.</p>\r\n\r\n<p>تلك لم وسوء لفشل الشتاء،, قبل رئيس للأراضي ثم. ان وتزويده العالم، الأسيوي ضرب. أن وصل ممثّلة استعملت, الفترة الباهضة الإمتعاض تعد و, أساسي الولايات الإتفاقية أخذ بـ. عن حقول هامش الخاصّة تعد, قد حيث يعبأ استرجاع. و هنا؟ الجديدة، حيث, وفي في الولايات الأوروبية،, يتم أم مشروط الشمال. حيث قائمة المجتمع عل, وقد كل ليركز يتمكن, وقبل منتصف أما كل.</p>\r\n\r\n<p>بلا كرسي قُدُماً و. الى أم الطرفين واقتصار الإمتعاض, أراضي بالجانب الانجليزية لها مع. تسبب والحزب الثقيلة بحق أن, أسر ٣٠ أكثر إيطاليا الأوضاع. قبل ثم عالمية ومطالبة, لم الى الضغوط انتباه, أفاق الأخذ إتفاقية ما تحت.</p>\r\n\r\n<p>أما أسابيع بتحدّي جزيرتي قد, بعض تونس الأول الربيع، و. معقل إعادة وحلفاؤها بـ بعض, مشارف الشمل وبالرغم عن كلّ. وكسبت مقاطعة بريطانيا، ٣٠ يبق. بـ واتّجه الشهيرة التحالف أخذ, في كانتا الشتاء كما, مع رجوعهم الأراضي والروسية ومن. لان تم بقيادة الجنرال الإنذار،, و أكثر وباءت قبل. عل ذات فاتّبع اسبوعين, ليركز للمجهود الساحلية حين تم. ولم سقوط لإعادة اليابانية كل.</p>\r\n\r\n<p>إيو وسوء الساحل مع. بحق أم بداية العظمى الطرفين, مكن أخرى المحيط الفرنسي ٣٠. حدى و وصافرات العمليات. شرسة بتطويق رجوعهم لكل بـ, هذه بل الضغوط الإتفاقية.</p>\r\n\r\n<p>مع كان وجزر التقليدية, على بوابة الفرنسية عن. غير إذ لهيمنة والروسية, أدنى غرّة، وبالتحديد، لم يبق. نفس عن يعادل مسؤولية. مارد كردة الباهضة جعل ما, بل وصل القوى اليابانية. بل أخر الشتوية المزيفة, سقوط الجوي بمباركة بل حدى. مع حقول مئات وباستثناء نفس.</p>\r\n\r\n<p>أعلنت وباستثناء بل به،, مع وترك المحيط السيطرة حيث. تمهيد عشوائية بعد تم, أي وبعد مدينة عسكرياً انه. مع دول تحرّك اليها الدولارات, ما سابق لبولندا، قبل. لغزو الأبرياء هو هذا. ان تعديل أطراف التكاليف كان, به، سقوط والنفيس هو.<br />\r\n&nbsp;&nbsp;&nbsp;&nbsp;&nbsp;</p>',NULL,NULL,NULL,1463045770,NULL,'no','no','inactive'),(20,74,7,'Water Management','<p>Seminar shall be started as soon as possible</p>',NULL,NULL,NULL,1463123278,1463142454,'yes','no','inactive'),(21,74,2,'Road Safety','<p>On JULY 23RD</p>',NULL,NULL,NULL,1463138935,1463142413,'yes','no','inactive');

/*Table structure for table `dah_unsubscribe` */

DROP TABLE IF EXISTS `dah_unsubscribe`;

CREATE TABLE `dah_unsubscribe` (
  `unsubid` int(11) unsigned NOT NULL AUTO_INCREMENT,
  `email` varchar(255) DEFAULT NULL,
  `added_on` int(11) DEFAULT NULL,
  PRIMARY KEY (`unsubid`)
) ENGINE=InnoDB DEFAULT CHARSET=utf8;

/*Data for the table `dah_unsubscribe` */

/*Table structure for table `dah_users` */

DROP TABLE IF EXISTS `dah_users`;

CREATE TABLE `dah_users` (
  `uid` int(11) NOT NULL AUTO_INCREMENT,
  `fname` varchar(100) DEFAULT NULL,
  `lname` varchar(100) DEFAULT NULL,
  `email` varchar(150) DEFAULT NULL,
  `password` varchar(100) DEFAULT NULL,
  `salt` varchar(150) DEFAULT NULL,
  `role` varchar(50) DEFAULT NULL,
  `status` enum('active','inactive') DEFAULT 'active',
  `verify` varchar(150) DEFAULT NULL,
  `avatar` varchar(150) DEFAULT NULL,
  `added_on` int(11) DEFAULT NULL,
  `updated_on` int(11) DEFAULT NULL,
  `last_login` int(11) DEFAULT NULL,
  `login_ip` varchar(50) DEFAULT NULL,
  `is_active` tinyint(1) DEFAULT '0',
  PRIMARY KEY (`uid`)
) ENGINE=InnoDB AUTO_INCREMENT=75 DEFAULT CHARSET=utf8;

/*Data for the table `dah_users` */

insert  into `dah_users`(`uid`,`fname`,`lname`,`email`,`password`,`salt`,`role`,`status`,`verify`,`avatar`,`added_on`,`updated_on`,`last_login`,`login_ip`,`is_active`) values (36,'Upendra','Manve','upendramanve@gmail.com','$2y$12$0a67da9216e85c4ab2b95eLA4Wd2XSKdH/3pbbCAZff4vGa043rAe','0a67da9216e85c4ab2b95f08efdfa245','ROLE_TEACHER','active','','ab70349f0062531f67786afecedda178.jpg',1461664875,1462357415,NULL,NULL,1),(71,'شمال','الأوربيين','mishraparthasarathi9@gmail.com','$2y$12$b3f900ec51020f9332d06usYYXFeiNcVrT7x/LtALsxi5mxcLNn.6','b3f900ec51020f9332d061ef6407048f','ROLE_STUDENT','active','799c7d7d1e83045d615191130b14c6cf','ce4791748350af84a87c085577be911b.jpg',1461844080,1462361105,NULL,NULL,1),(72,'بالإنزال','بحق','saileshreddytester@gmail.com','$2y$12$bd20b45aa7e10e32b515aO.E4Giu7hquq5LWRbdABGrQjyGu8lzZW','bd20b45aa7e10e32b515aaa252f0642c','ROLE_TEACHER','inactive','bd20b45aa7e10e32b515aaa252f0642c','0d5a9979242b16898b24fe8287889ec3.jpg',1461844352,NULL,NULL,NULL,0),(73,'Sailesh','Reddy','saileshreddy09@gmail.com','$2y$12$0d740597af800a28d2c2buMpjjnpjlHGBUjmOH0BZ/fzHI0Zur1nS','0d740597af800a28d2c2b1bc00f9452f','ROLE_STUDENT','active','6db5300cf4767931c8a3bd933fe81582',NULL,1461921878,1462547544,NULL,NULL,1),(74,'Partha','Mishra','partha.telivo@gmail.com','$2y$12$19546fa0f7be3b179ede7u4Cpfqy5tYnpQkYfZkAJXxyO66M4eewW','19546fa0f7be3b179ede776f9dc49b8c','ROLE_TEACHER','active','',NULL,1463044259,NULL,NULL,NULL,1);

/*Table structure for table `dah_workshop_enrollment` */

DROP TABLE IF EXISTS `dah_workshop_enrollment`;

CREATE TABLE `dah_workshop_enrollment` (
  `enid` int(11) NOT NULL AUTO_INCREMENT,
  `uid` int(11) DEFAULT NULL,
  `wid` int(11) DEFAULT NULL,
  PRIMARY KEY (`enid`),
  KEY `FK_dah_workshop_enrollment` (`wid`),
  KEY `FK_dah_workshop_enrollment_uid` (`uid`),
  CONSTRAINT `FK_dah_workshop_enrollment` FOREIGN KEY (`wid`) REFERENCES `dah_workshops` (`wid`) ON DELETE CASCADE,
  CONSTRAINT `FK_dah_workshop_enrollment_uid` FOREIGN KEY (`uid`) REFERENCES `dah_users` (`uid`) ON DELETE CASCADE
) ENGINE=InnoDB AUTO_INCREMENT=6 DEFAULT CHARSET=utf8;

/*Data for the table `dah_workshop_enrollment` */

insert  into `dah_workshop_enrollment`(`enid`,`uid`,`wid`) values (2,36,9),(3,36,23),(4,36,8),(5,36,7);

/*Table structure for table `dah_workshops` */

DROP TABLE IF EXISTS `dah_workshops`;

CREATE TABLE `dah_workshops` (
  `wid` int(11) NOT NULL AUTO_INCREMENT,
  `deptid` int(11) DEFAULT NULL,
  `workshop_title` varchar(250) DEFAULT NULL,
  `workshop_subtitle` varchar(250) DEFAULT NULL,
  `workshop_content` longtext,
  `workshop_venue` varchar(250) DEFAULT NULL,
  `workshop_image` varchar(50) DEFAULT NULL,
  `from_date` int(11) DEFAULT NULL,
  `to_date` int(11) DEFAULT NULL,
  `workshop_meta_title` varchar(250) DEFAULT NULL,
  `workshop_meta_keyword` varchar(250) DEFAULT NULL,
  `workshop_meta_description` varchar(250) DEFAULT NULL,
  `added_on` int(11) DEFAULT NULL,
  `updated_on` int(11) DEFAULT NULL,
  PRIMARY KEY (`wid`),
  KEY `FK_dah_workshops` (`deptid`),
  CONSTRAINT `FK_dah_workshops` FOREIGN KEY (`deptid`) REFERENCES `dah_departments` (`deptid`) ON DELETE CASCADE
) ENGINE=InnoDB AUTO_INCREMENT=26 DEFAULT CHARSET=utf8;

/*Data for the table `dah_workshops` */

insert  into `dah_workshops`(`wid`,`deptid`,`workshop_title`,`workshop_subtitle`,`workshop_content`,`workshop_venue`,`workshop_image`,`from_date`,`to_date`,`workshop_meta_title`,`workshop_meta_keyword`,`workshop_meta_description`,`added_on`,`updated_on`) values (7,2,'نظم الطاقة الشمسية الكهروضوئية والمناطق بانخراطها','التركيز مواد الطاقة الشمسية ونظم','<pre>\r\nالطاقة الشمسية المركزة (CSP) تقنيات استخدام عناصر جمع الضوء على التركيز، وأشعة الشمس المباشرة على الاستقبال، والتي تقوم بتحويل تدفق الطاقة الشمسية للحرارة. ثم يتم استخدام هذه الطاقة الحرارية لإنتاج الكهرباء، عادة عن طريق التوربينات أو حرارة المحرك. من خلال الاستفادة من الحرارة ومدخلات الطاقة، الطاقة الشمسية المركزة مكمل لأشكال أخرى من توليد الطاقة المتجددة التي تعتمد على مصادر الطاقة المتقطعة (مثل وحدات الطاقة الشمسية وطاقة الرياح) وذلك بسبب السهولة النسبية في تخزين الطاقة الحرارية. تخزين الطاقة الحرارية (TES) يمكن بسهولة أن تدمج في محطة الطاقة الشمسية المركزة، والطاقة الشمسية هي فريدة من نوعها بين تكنولوجيات الطاقة المتجددة في أن اندماج تخزين الطاقة يقلل في الواقع تكلفة Levelized الكهرباء (LCOE) من محطة الطاقة الشمسية المركزة، تصل إلى عامل قدرة ما يقرب من 70٪. زيادة النتائج الفعالية من حيث التكلفة من استخدام أفضل للكتلة السلطة لأكثر من ساعة من السنة، والقدرة على تسخير الطاقة الزائدة من مجال الطاقة الشمسية. مستويات أعلى من إنتاج الطاقة والقدرة على تحويل إنتاج الطاقة ليتزامن مع أفضل أحمال الذروة يعادل زيادة في الإيرادات. وهكذا، فإن تكاليف صغيرة نسبيا يرتبط مع نظام TES مصممة تصميما جيدا يمكن أن يعوض إلى حد كبير من قبل تحسن الأداء من محطة الطاقة الشمسية المركزة.</pre>','المملكة العربية السعودية',NULL,1471298400,1475532000,'','','',1462181840,1462259346),(8,2,'تطبيقات إلكترونيات القوى للطاقة المتجددة','تطبيق إلكترونيات القوى أجهزة','<pre>\r\nالاستهلاك العالمي من الطاقة الكهربائية و stillrising و هناك طلب لمضاعفة سعة الطاقة within20 سنوات . وينبغي أيضا أن يتم تعيين إنتاج وتوزيع و استخدام shouldbe الطاقة و كفاءة تكنولوجية ممكن والحوافز ل saveenergy على المستخدم في نهاية المطاف . على مدى التقدم lastdecades في أشباه الموصلات السلطة لديها pavedthe الطريق ل المعدات المبتكرة مثل transmissionlines HVDC أو أجهزة حقائق . وهكذا ، powerconversion القائم على أشباه الموصلات يمثل تقنية تمكن الرئيسية لتلبية thechallenges من\r\nelectricit الغد\r\nالعرض ذ . في هذه الورقة ، وسيتم التحقيق powersemiconductors فيما يتعلق أنظمة الطاقة المتجددة utilizationin . هذه الورقة أيضا مناقشة بعض themost مصادر الطاقة المتجددة الناشئة ، وطاقة الرياح ، microturbine ، وخلايا الوقود و الطاقة الشمسية، التي عن طريق الالكترونيات والكهرباء تتغير من كونها sourcesto الطاقة الصغيرة أن يتصرف مصادر الطاقة الهامة كما هو الحال في نظام الطاقة</pre>','الإمارات العربية المتحدة',NULL,1465941600,1468965600,'','','',1462181856,1462259078),(9,4,'الفرص في التعليم العالي','مكوك الفضاء الحرارية البلاط واقية و البطانيات المتوفرة للاستخدام التعليمية','<pre dir=\"ltr\">\r\nتدعو وكالة ناسا الم<img alt=\"heart\" src=\"http://192.168.36.37:8080/dah/web/assets/js/ckeditor/plugins/smiley/images/heart.png\" style=\"height:23px; width:23px\" title=\"heart\" /><img alt=\"angel\" src=\"http://192.168.36.37:8080/dah/web/assets/js/ckeditor/plugins/smiley/images/angel_smile.png\" style=\"height:23px; width:23px\" title=\"angel\" /><img alt=\"frown\" src=\"http://192.168.36.37:8080/dah/web/assets/js/ckeditor/plugins/smiley/images/confused_smile.png\" style=\"height:23px; width:23px\" title=\"frown\" />ؤهلة المؤسسات و المتاحف التعليمية الولايات المتحدة لطلب مكوك الفضاء البلاط الحما\r\nية الحرارية، و مكوك الفضاء أغطية واقية من الحرارة و غيرها من البنود الاستثنائية المقدمة على أساس من يأتي أولا ،\r\n يخدم أولا حتى نفاذ الك\r\nمية. المنظمات خصصت سابقا البلاط الحماية الحرارية قد تطلب من ثلاث بلاطات\r\n إضافية . سيكون هناك رسوم الشحن الاسمي التي يجب أن تدفع عبر الإنترنت باستخدام بط\r\nاقات الائتمان .</pre>','الولايات المتحدة',NULL,1462917600,1463436000,'','','',1462181876,1462790442),(23,2,'الاتجاهات الناشئة في مجال التكنولوجيا الخضراء','قضايا والاقتصاد','<pre>\r\nقطاع الصناعات التحويلية هو المفتاح ل تعزيز ونشر التغير التكنولوجي ، والتي بدورها\r\nهو سائق حاسما للقدرة التنافسية والنمو الاقتصادي . لذا التنمية الصناعية لديها\r\nإمكانات كبيرة لتحقيق عدد من الأهداف الاجتماعية بما في ذلك ارتفاع معدلات البطالة والفقر\r\nالقضاء والمساواة بين الجنسين ومعايير العمل و تحسين فرص الحصول على التعليم والرعاية الصحية . بعد أي\r\nالتقدم المحرز في تحقيق هذه الأهداف الاجتماعية ستكون قصيرة الأجل إذا صناع القرار وأصحاب المصلحة\r\nلم تنجح في ضمان النمو الاقتصادي المستدام والتنمية الصناعية ضمن\r\nإطارا صالحا للبيئة.</pre>','البحرين',NULL,1462831200,1462917600,'','','',1462261585,1462789153);

/*!40101 SET SQL_MODE=@OLD_SQL_MODE */;
/*!40014 SET FOREIGN_KEY_CHECKS=@OLD_FOREIGN_KEY_CHECKS */;
